input_name,gbif_matchType,gbif_confidence,gbif_canonicalName,gbif_genus_species,gbif_scientificName,gbif_usageKey,gbif_synonyms,gbif_synonym_count,gbif_english_name,gbif_english_names,gbif_english_name_count
Acacia collinsii Saff.,EXACT,100,Acacia collinsii,Acacia collinsii,Acacia collinsii Saff.,2980971,,0,bull horn acacia,bull horn acacia,1
Acalypha hispida Burm.f.,EXACT,100,Acalypha hispida,Acalypha hispida,Acalypha hispida Burm.f.,3056375,Acalypha densiflora Blume | Acalypha hispida var. sanderi (N.E.Br.) J.J.Sm. | Acalypha sanderi K.Schum. | Acalypha sanderi N.E.Br. | Acalypha sanderi subsp. alba Sander,5,chenilleplant,Moukiana mkomba | Philippine-medusa | Red-Hot Cat's Tail | bristly copperleaf | chenille plant | chenilleplant,6
Acorus gramineus Ait. 'Variegatus',EXACT,94,Acorus gramineus,Acorus gramineus,Acorus gramineus Aiton,2873807,Acorus gramineus subsp. gramineus | Acorus gramineus subsp. japonica M.Hotta | Acorus gramineus subsp. macrospadiceus Yamam. | Acorus gramineus subsp. pusillus (Siebold) Engl. | Acorus gramineus var. flavomarginatus T.S.Liu | Acorus gramineus var. japonicus M.Hotta | Acorus gramineus var. macrospadiceus Yamam. | Acorus gramineus var. pusillus (Siebold) Engl. | Acorus humilis Salisb. | Acorus macrospadiceus (Yamam.) F.N.Wei & Y.K.Li | Acorus pusillus Siebold | Acorus pusillus Siebold ex Miq. | Acorus tatarinowii var. flavomarginatus T.S.Liu | Acorus xiangyeus Z.Y.Zhu | Acorus ziangyeus Z.Y.Zhu,15,Slender Sweet-flag,Grass-leaf sweet flag | Grassleaf Sweet Flag | Slender Sweet-flag | grass-leaf sweet-flag | jin qian pu,5
Adenanthera microsperma Teijsm. et Binn.,EXACT,100,Adenanthera microsperma,Adenanthera microsperma,Adenanthera microsperma Teijsm. & Binn.,2951851,Adenanthera pavonina subsp. microsperma (Teijsm. & Binnend.) Nielsen. | Adenanthera pavonina var. microsperma (Teijsm. & Binn.) I.C.Nielsen | Adenanthera tamarindifolia Pierre,3,phai,bon see | chreh phnôm | phai,3
Aglaonema costatum N.E.Br.,EXACT,100,Aglaonema costatum,Aglaonema costatum,Aglaonema costatum N.E.Br.,2866357,Aglaonema costatum f. concolor Nicolson | Aglaonema costatum f. costatum | Aglaonema costatum f. foxii (Engl.) Jervis | Aglaonema costatum f. immaculatum (Ridl.) Nicolson | Aglaonema costatum f. virescens (Ridl. ex Engl.) Nicolson | Aglaonema costatum var. foxii Engl. | Aglaonema costatum var. immaculatum (Ridl.) Nicolson | Aglaonema costatum var. immaculatum Ridl. | Aglaonema costatum var. lineatum Engl. | Aglaonema costatum var. maculatum Engl. | Aglaonema costatum var. virescens Ridl. | Aglaonema costatum var. virescens Ridl. ex Engl.,12,Fox's aglaonema,Chinese evergreen | Fox's aglaonema | spotted evergreen,3
Aglaonema modestum Schott ex Engl.,EXACT,100,Aglaonema modestum,Aglaonema modestum,Aglaonema modestum Schott ex Engl.,2866488,Aglaonema acutispathum N.E.Br. | Aglaonema costatum subsp. viride Engl. | Aglaonema costatum var. viride Engl. | Aglaonema laoticum Gagnep. | Aglaonema modestum Schott,5,Japanese-leaf,Chinese evergreen | Japanese-leaf,2
Aglaonema nitidum (Jack) Kunth 'Silver King',EXACT,96,Aglaonema nitidum,Aglaonema nitidum,Aglaonema nitidum (Jack) Kunth,2866438,Aglaonema helferi Hook.f. | Aglaonema integrifolium (Link) Schott | Aglaonema nitidum f. cinereum Jervis | Aglaonema nitidum f. curtisiae (N.E.Br.) Nicolson | Aglaonema nitidum f. curtisii (N.E.Br.) Nicolson | Aglaonema nitidum var. nitidum | Aglaonema oblanceolatum Alderw. | Aglaonema oblanceolatum f. maximum Alderw. | Aglaonema oblongifolium Schott | Aglaonema oblongifolium var. curtisiae N.E.Br. | Aglaonema oblongifolium var. curtisii N.E.Br. | Aglaonema princeps Kunth,12,aglaonema aroid,aglaonema aroid,1
Allamanda schottii Pohl.,EXACT,100,Allamanda schottii,Allamanda schottii,Allamanda schottii Pohl,3169838,Allamanda brasiliensis Schott | Allamanda brasiliensis Schott ex Pohl | Allamanda cathartica Schrad. | Allamanda cathartica var. schottii (Pohl) L.H.Bailey & Raffill | Allamanda magnifica Williams | Allamanda neriifolia Hook.,6,Bush Allamanda,Bush Allamanda,1
Alpinia purpurata (Viell.) Schum.,EXACT,100,Alpinia purpurata,Alpinia purpurata,Alpinia purpurata (Vieill.) K.Schum.,5301960,Alpinia grandis K.Schum. | Alpinia purpurata subsp. albobracteata K.Schum. | Alpinia purpurata subsp. anomala Gagnep. | Alpinia purpurata subsp. grandis (K.Schum.) K.Schum. | Alpinia purpurata var. albobracteata K.Schum. | Alpinia purpurata var. anomala Gagnep. | Alpinia purpurata var. grandis (K.Schum.) K.Schum.,7,Red Ginger,"Opuhi | Red Ginger | Sari sakai viro, Sari longoza | Sari tsingizo masera | red-ginger",5
Alpinia vittata Bull.,EXACT,100,Alpinia vittata,Alpinia vittata,Alpinia vittata W.Bull,5302160,Alpinia albo-lineata | Alpinia sanderae Sander | Alpinia tricolor Sander,3,variegate-ginger,variegate-ginger,1
Alpinia zerumbet (Pers.) B. L. Burtt et Rosemary M. Sm.,EXACT,100,Alpinia zerumbet,Alpinia zerumbet,Alpinia zerumbet (Pers.) B.L.Burtt & R.M.Sm.,5301979,Alpinia cristata Griff. | Alpinia fimbriata Gagnep. | Alpinia fluvitialis Hayata | Alpinia nutans var. longiramosa Gagnep. | Alpinia penicillata Roscoe | Alpinia schumanniana Valeton | Alpinia speciosa (J.C.Wendl.) K.Schum. | Alpinia speciosa subsp. longiramosa Gagnep. | Alpinia speciosa var. longiramosa Gagnep.,9,Shellplant,Kopi ‘enua | Sakai viro lambo | Shell Ginger | Shellplant | Tsingizo masera | kaopui | light galangal | pink porcelain-lily,8
Alpinia zerumbet (Pers.) B. L. Burtt et Rosemary M. Sm. 'Variegata',EXACT,94,Alpinia zerumbet,Alpinia zerumbet,Alpinia zerumbet (Pers.) B.L.Burtt & R.M.Sm.,5301979,Alpinia cristata Griff. | Alpinia fimbriata Gagnep. | Alpinia fluvitialis Hayata | Alpinia nutans var. longiramosa Gagnep. | Alpinia penicillata Roscoe | Alpinia schumanniana Valeton | Alpinia speciosa (J.C.Wendl.) K.Schum. | Alpinia speciosa subsp. longiramosa Gagnep. | Alpinia speciosa var. longiramosa Gagnep.,9,Shellplant,Kopi ‘enua | Sakai viro lambo | Shell Ginger | Shellplant | Tsingizo masera | kaopui | light galangal | pink porcelain-lily,8
Ananas comosus (L.) Merr.,EXACT,100,Ananas comosus,Ananas comosus,Ananas comosus (L.) Merr.,5288819,Ananas acostae C.Commelijn | Ananas bracteatus Baker | Ananas bracteatus subsp. hondurensis Bertoni | Ananas bracteatus subsp. paraguayensis Bertoni | Ananas bracteatus var. paraguayensis Bertoni | Ananas coccineus Descourt. | Ananas comosus subsp. variegatus (Lowe) Moldenke | Ananas glaber Mill. | Ananas monstrosus Baker | Ananas mordilona (Linden) E.Morren | Ananas mordilona (Linden) VanGeert | Ananas ovatus Mill. | Ananas proliferus Baker | Ananas pyramidalis Mill. | Ananas sativa Lindl. | Ananas sativus subsp. hispanorum Bertoni | Ananas sativus subsp. muricatus Mez | Ananas sativus subsp. pyramidalis Bertoni | Ananas sativus subsp. variegatus Lowe | Ananas sativus subsp. viridis (Mill.) Bertoni,20,Pineapple,"Ijibo | Mnananasi bole, Mnananasi mba | Pineapple",3
Angraecum eburneum Bory,EXACT,100,Angraecum eburneum,Angraecum eburneum,Angraecum eburneum Bory,2833834,,0,,,0
Anthurium digitatum (Jacq.) G.Don f.,EXACT,85,Anthurium digitatum,Anthurium digitatum,Anthurium digitatum (Jacq.) Schott,2872987,"Anthurium digitatum (Jacq.) G.Don, 1839 | Anthurium digitatum var. connatum Engl. | Anthurium pentaphyllum var. digitatum (Jacq.) Madison",3,,,0
Anthurium schlechtendalii Kunth,EXACT,100,Anthurium schlechtendalii,Anthurium schlechtendalii,Anthurium schlechtendalii Kunth,2872288,,0,Laceleaf,Laceleaf,1
Anthurium vittariifolium Engl.,EXACT,100,Anthurium vittariifolium,Anthurium vittariifolium,Anthurium vittariifolium Engl.,2873406,,0,,,0
Aristolochia fimbriata Cham.,EXACT,100,Aristolochia fimbriata,Aristolochia fimbriata,Aristolochia fimbriata Cham.,3589582,Aristolochia bomplandii Tenore | Aristolochia bonplandii Ten. | Aristolochia ciliata Hook. | Aristolochia ciliosa Benth. | Aristolochia insignis Verschaff.,5,,,0
Aristolochia gigantea Mart. et Zucc.,EXACT,100,Aristolochia gigantea,Aristolochia gigantea,Aristolochia gigantea Mart. & Zucc.,3589283,Aristolochia mariquitensis Mutis,1,duckflower,Brazilian Dutchman's pipe | duckflower,2
Aristolochia grandiflora Sw.,EXACT,100,Aristolochia grandiflora,Aristolochia grandiflora,Aristolochia grandiflora Sw.,2874014,Aristolochia gigantea Hook. | Aristolochia gigas Lindl. | Aristolochia gigas var. sturtevantii S.Watson | Aristolochia gorgona M.A.Blanco | Aristolochia grandiflora var. hookeri Duch. | Aristolochia pichinchensis Pfeifer | Aristolochia sturtevantii (S.Watson) Mottet | Aristolochia tapilulensis Beutelsp.,8,duckflower,Pelicanflower | duck-flower | duckflower | pelican-flower,4
Aristolochia labiata Willd.,EXACT,100,Aristolochia labiata,Aristolochia labiata,Aristolochia labiata Willd.,2874002,Aristolochia brasiliensis Mart. | Aristolochia brasiliensis var. galeata (Mart.) Hoehne | Aristolochia brasiliensis var. macrophylla Duch. | Aristolochia brasiliensis var. macrophylla Mart. | Aristolochia brasiliensis var. parviflora Duch. | Aristolochia brasiliensis var. parviflora Mart. | Aristolochia galeata Mart. & Zucc. | Aristolochia labiosa Ker Gawl. | Aristolochia labiosa KerGawl. | Aristolochia macrorrhyncha Hoehne | Aristolochia ornithocephala Hook. | Aristolochia ringens Link & Otto,12,Mottled dutchman's pipe,Mottled dutchman's pipe | rooster-flower,2
Aristolochia maxima L.,EXACT,85,Aristolochia maxima,Aristolochia maxima,Aristolochia maxima Jacq.,2873997,Aristolochia asperifolia Ule | Aristolochia asperifolia Ule ex Pilg. | Aristolochia biflora Duch. ex Klotzsch | Aristolochia biflora Willd. | Aristolochia biflora Willd. ex Duch. | Aristolochia dammeriana Mast. | Aristolochia geminiflora Kunth | Aristolochia maxima var. angustifolia Duch. | Aristolochia maxima var. geminiflora (Kunth) Duch. | Aristolochia maxima var. maxima | Aristolochia mexicana D.Dietr. | Aristolochia reticulata Holton | Aristolochia reticulata Holton ex Duch. | Aristolochia sprucei Hoehne | Aristolochia wageneriana Schltdl.,15,Florida Dutchman's Pipe,Florida Dutchman's Pipe,1
Aristolochia ringens Vahl,EXACT,100,Aristolochia ringens,Aristolochia ringens,Aristolochia ringens Vahl,2873998,Aristolochia galeata Mart. & Zucc. | Aristolochia globiflora Mutis | Aristolochia grandiflora Vahl | Aristolochia turbacensis Kunth,4,Gaping Dutchman's Pipe,Foula koukoui | Gaping Dutchman's Pipe,2
Aristolochia trilobata L.,EXACT,100,Aristolochia trilobata,Aristolochia trilobata,Aristolochia trilobata L.,8358388,Aristolochia appendiculata Vell. | Aristolochia caracasana Spreng. | Aristolochia macroura var. subtrifida Gomez | Aristolochia trifida Lam. | Aristolochia triloba Salisb.,5,Dutchman's Pipe,Bejuco De Santiago | Dutchman's Pipe,2
Aristolochia zollingeriana Miq,EXACT,100,Aristolochia zollingeriana,Aristolochia zollingeriana,Aristolochia zollingeriana Miq.,5836315,Aristolochia hastata Klotzsch | Aristolochia kankaoensis Sasaki | Aristolochia kankauensis Sasaki | Aristolochia ramosii Merr. | Aristolochia roxburghiana subsp. kankaoensis (Sasaki) Kitam. | Aristolochia roxburghiana subsp. kankauensis (Sasaki) Kitam. | Aristolochia tagala subsp. kankauensis (Sasaki) T.Yamaz. | Aristolochia tagala var. kankaoensis (Sasaki) T.Yamaz.,8,,,0
Asplenium nidus L.,EXACT,100,Asplenium nidus,Asplenium nidus,Asplenium nidus L.,2650676,Asplenium ellipticum (Fée) Copel. | Asplenium ficifolium Goldm. | Asplenium nidus var. nidus | Asplenium nidus var. plicatum Alderw. | Asplenium scolopendrium Lour. | Asplenium simplex Mett.,6,Hawai'I Birdnest Fern,Hawai'I Birdnest Fern | Katafa | bird's-nest fern | nest fern,4
Averrhoa carambola L.,EXACT,100,Averrhoa carambola,Averrhoa carambola,Averrhoa carambola L.,2891641,Averrhoa acutangula Stokes | Averrhoa microphylla Tardieu | Averrhoa pentandra Blanco,3,caramba,"Carambola | Kamranga | Madiro Rirana | Wajou Wachizoungou, Waju wamotsi | blimbing | caramba",6
Averrhoa carambola L. ’B10’,EXACT,100,Averrhoa carambola,Averrhoa carambola,Averrhoa carambola L.,2891641,Averrhoa acutangula Stokes | Averrhoa microphylla Tardieu | Averrhoa pentandra Blanco,3,caramba,"Carambola | Kamranga | Madiro Rirana | Wajou Wachizoungou, Waju wamotsi | blimbing | caramba",6
Averrhoa carambola L. 'Fwang Tung'’,EXACT,96,Averrhoa carambola,Averrhoa carambola,Averrhoa carambola L.,2891641,Averrhoa acutangula Stokes | Averrhoa microphylla Tardieu | Averrhoa pentandra Blanco,3,caramba,"Carambola | Kamranga | Madiro Rirana | Wajou Wachizoungou, Waju wamotsi | blimbing | caramba",6
Begonia listada L.B.Sm. et Wassh.,EXACT,100,Begonia listada,Begonia listada,Begonia listada L.B.Sm. & Wassh.,4157039,,0,,,0
Begonia solimutata L.B.Sm. et Wassh.,EXACT,100,Begonia solimutata,Begonia solimutata,Begonia solimutata L.B.Sm. & Wassh.,7646487,,0,,,0
Brachychilum horsfieldii (R.Br. ex Wallich) Petersen,EXACT,100,Brachychilum horsfieldii,Brachychilum horsfieldii,Brachychilum horsfieldii (R.Br. ex Wall.) Petersen,2758651,,0,,,0
Breynia nivosa (W.G.Sm.) Small.,EXACT,100,Breynia nivosa,Breynia nivosa,Breynia nivosa (W.Bull) Small,5383032,,0,,,0
Brownea latifolia Jacq.,EXACT,100,Brownea latifolia,Brownea latifolia,Brownea latifolia Jacq.,2970484,,0,,,0
Caladium bicolor (Aiton) Vent.,EXACT,100,Caladium bicolor,Caladium bicolor,Caladium bicolor (Aiton) Vent.,2868390,Caladium albicans Stange | Caladium albopunctatissimum Jacob-Makoy | Caladium albopunctatissimum Jacob-Makoy ex H.Karst. | Caladium amabile Verschaff. | Caladium amoenum Engl. | Caladium appunianum Engl. | Caladium argyrospilum Lem. | Caladium auritum Jacob-Makoy | Caladium baraquinii W.Bull | Caladium baraquinii W.Bull ex J.Dix | Caladium barilletii Anon. | Caladium barraquinii Hérincq,12,Heart of Jesus,Artist's pallet | Bonga pandrapandra mena | Heart of Jesus | Heart-of-Jesus,4
Calathea zebrina (Sims) Lindl.,EXACT,100,Calathea zebrina,Calathea zebrina,Calathea zebrina (Sims) Lindl.,2761817,,0,zebraplant,zebraplant,1
Canna glauca L.,EXACT,100,Canna glauca,Canna glauca,Canna glauca L.,5303128,Canna angustifolia L. | Canna annaei André | Canna annaei subsp. nana André | Canna fintelmannii Bouché | Canna glauca subsp. annaei (André) Petersen | Canna glauca var. angusta J.W.Richardson | Canna glauca var. annaei (André) Petersen | Canna glauca var. annaei (André) Regel | Canna glauca var. rubrolutea Hook. | Canna glauca var. rufa Sims | Canna glauca var. siamensis (Kraenzl.) Nob.Tanaka | Canna hassleriana Kraenzl. | Canna jacobiniflora T.Koyama & Nob.Tanaka | Canna lanceolata Lodd. | Canna lanceolata Lodd. ex G.Don | Canna lanceolata Lodd. ex Loudon | Canna lancifolia Schrank | Canna liturata Link | Canna liturata Link ex A.Dietr. | Canna longifolia Bouché,20,Louisiana canna,Louisiana canna | Sari tamotamo,2
Carica papaya L.,EXACT,100,Carica papaya,Carica papaya,Carica papaya L.,2874484,Carica citriformis J.Jacq. ex Spreng. | Carica citriformis Jacq. | Carica cubensis Solms | Carica hermaphrodita Blanco | Carica jamaicensis Urb. | Carica jimenezii (Bertoni) Bertoni | Carica mamaya Vell. | Carica papaya f. correae Solms | Carica papaya f. ernstii Solms | Carica papaya f. eupapaya Solms | Carica papaya f. mamaya (Vell.) Stellfeld | Carica papaya f. portoricensis (Urb.) Solms | Carica papaya var. bady Aké Assi | Carica papaya var. bady AkéAssi | Carica papaya var. jimenezii Bertoni | Carica peltata Hook. & Arn. | Carica pinnatifida Heilb. | Carica portoricensis (Solms) Urb. | Carica posopora L. | Carica posoposa L.,20,Pape,Mpwapwaia | Mpwapwayi | Papaw | Papaya | Pape,5
Carica papaya L. 'Nana',EXACT,96,Carica papaya,Carica papaya,Carica papaya L.,2874484,Carica citriformis J.Jacq. ex Spreng. | Carica citriformis Jacq. | Carica cubensis Solms | Carica hermaphrodita Blanco | Carica jamaicensis Urb. | Carica jimenezii (Bertoni) Bertoni | Carica mamaya Vell. | Carica papaya f. correae Solms | Carica papaya f. ernstii Solms | Carica papaya f. eupapaya Solms | Carica papaya f. mamaya (Vell.) Stellfeld | Carica papaya f. portoricensis (Urb.) Solms | Carica papaya var. bady Aké Assi | Carica papaya var. bady AkéAssi | Carica papaya var. jimenezii Bertoni | Carica peltata Hook. & Arn. | Carica pinnatifida Heilb. | Carica portoricensis (Solms) Urb. | Carica posopora L. | Carica posoposa L.,20,Pape,Mpwapwaia | Mpwapwayi | Papaw | Papaya | Pape,5
Carica papaya L. 'Pasar Orange',EXACT,96,Carica papaya,Carica papaya,Carica papaya L.,2874484,Carica citriformis J.Jacq. ex Spreng. | Carica citriformis Jacq. | Carica cubensis Solms | Carica hermaphrodita Blanco | Carica jamaicensis Urb. | Carica jimenezii (Bertoni) Bertoni | Carica mamaya Vell. | Carica papaya f. correae Solms | Carica papaya f. ernstii Solms | Carica papaya f. eupapaya Solms | Carica papaya f. mamaya (Vell.) Stellfeld | Carica papaya f. portoricensis (Urb.) Solms | Carica papaya var. bady Aké Assi | Carica papaya var. bady AkéAssi | Carica papaya var. jimenezii Bertoni | Carica peltata Hook. & Arn. | Carica pinnatifida Heilb. | Carica portoricensis (Solms) Urb. | Carica posopora L. | Carica posoposa L.,20,Pape,Mpwapwaia | Mpwapwayi | Papaw | Papaya | Pape,5
Carica papaya L. 'Solo',EXACT,96,Carica papaya,Carica papaya,Carica papaya L.,2874484,Carica citriformis J.Jacq. ex Spreng. | Carica citriformis Jacq. | Carica cubensis Solms | Carica hermaphrodita Blanco | Carica jamaicensis Urb. | Carica jimenezii (Bertoni) Bertoni | Carica mamaya Vell. | Carica papaya f. correae Solms | Carica papaya f. ernstii Solms | Carica papaya f. eupapaya Solms | Carica papaya f. mamaya (Vell.) Stellfeld | Carica papaya f. portoricensis (Urb.) Solms | Carica papaya var. bady Aké Assi | Carica papaya var. bady AkéAssi | Carica papaya var. jimenezii Bertoni | Carica peltata Hook. & Arn. | Carica pinnatifida Heilb. | Carica portoricensis (Solms) Urb. | Carica posopora L. | Carica posoposa L.,20,Pape,Mpwapwaia | Mpwapwayi | Papaw | Papaya | Pape,5
Carica papaya L. 'Solo-Waimanalo',EXACT,96,Carica papaya,Carica papaya,Carica papaya L.,2874484,Carica citriformis J.Jacq. ex Spreng. | Carica citriformis Jacq. | Carica cubensis Solms | Carica hermaphrodita Blanco | Carica jamaicensis Urb. | Carica jimenezii (Bertoni) Bertoni | Carica mamaya Vell. | Carica papaya f. correae Solms | Carica papaya f. ernstii Solms | Carica papaya f. eupapaya Solms | Carica papaya f. mamaya (Vell.) Stellfeld | Carica papaya f. portoricensis (Urb.) Solms | Carica papaya var. bady Aké Assi | Carica papaya var. bady AkéAssi | Carica papaya var. jimenezii Bertoni | Carica peltata Hook. & Arn. | Carica pinnatifida Heilb. | Carica portoricensis (Solms) Urb. | Carica posopora L. | Carica posoposa L.,20,Pape,Mpwapwaia | Mpwapwayi | Papaw | Papaya | Pape,5
Carica papaya L. 'Sunset',EXACT,96,Carica papaya,Carica papaya,Carica papaya L.,2874484,Carica citriformis J.Jacq. ex Spreng. | Carica citriformis Jacq. | Carica cubensis Solms | Carica hermaphrodita Blanco | Carica jamaicensis Urb. | Carica jimenezii (Bertoni) Bertoni | Carica mamaya Vell. | Carica papaya f. correae Solms | Carica papaya f. ernstii Solms | Carica papaya f. eupapaya Solms | Carica papaya f. mamaya (Vell.) Stellfeld | Carica papaya f. portoricensis (Urb.) Solms | Carica papaya var. bady Aké Assi | Carica papaya var. bady AkéAssi | Carica papaya var. jimenezii Bertoni | Carica peltata Hook. & Arn. | Carica pinnatifida Heilb. | Carica portoricensis (Solms) Urb. | Carica posopora L. | Carica posoposa L.,20,Pape,Mpwapwaia | Mpwapwayi | Papaw | Papaya | Pape,5
Castanospermum australe Raddi,EXACT,87,Castanospermum australe,Castanospermum australe,Castanospermum australe A.Cunn. ex Mudie,7579806,Castanospermum australe var. brevivexillum F.M.Bailey | Castanospermum brevivexillum (F.M.Bailey) Domin | Castanospermum cunninghamii J.M.Wood,3,beantree,Australian-chestnut | Moreton Bay-bean | Moreton Bay-chestnut | beantree | black-bean,5
Cinnamomum parthenoxylon (Jacq.) Meisn.,EXACT,100,Cinnamomum parthenoxylon,Cinnamomum parthenoxylon,Cinnamomum parthenoxylon (Jack) Meisn.,4181342,Cinnamomum barbatoaxillatum N.Chao | Cinnamomum inodorum (Blume ex Miq.) Meisn. | Cinnamomum inunctum (Nees) Meisn. | Cinnamomum malaccense Meisn. | Cinnamomum neesianum Meisn. | Cinnamomum penninervium Kosterm. | Cinnamomum porrectum (Roxb.) Kosterm. | Cinnamomum pseudosassafras (Blume) Meisn. | Cinnamomum purpureaum H.G.Ye & F.G.Wang | Cinnamomum purpureum H.G.Ye & F.G.Wang,10,Selasian Wood,huang zhang | Selasian Wood | Martaban Camphor Wood | Saffrol Laurel,4
Clerodendrum splendens G.Don. ex James,EXACT,100,Clerodendrum splendens,Clerodendrum splendens,Clerodendrum splendens G.Don,7999246,Clerodendrum aurantium G.Don | Clerodendrum giletii De Wild. & T.Durand | Clerodendrum rollisonii Rollisson | Clerodendrum splendens var. giletii (De Wild. & T.Durand) B.Thomas,4,,,0
Clerodendrum thomsoniae Balf.f.,EXACT,100,Clerodendrum thomsoniae,Clerodendrum thomsoniae,Clerodendrum thomsoniae Balf.f.,3889087,"Clerodendrum balfourii (B.D.Jacks. ex Dombrain) Dombrain | Clerodendrum delectum Pynaert | Clerodendrum thompsoniae Balf.f. | Clerodendrum thomsonae Balf., 1862 | Clerodendrum thomsoniae var. balfourii B.D.Jacks. | Clerodendrum thomsoniae var. balfourii B.D.Jacks. ex Dombrain",6,bagflower,"Bleeding glory-bower, Glory-bower, Bagflower, Bleeding-heart vine | bagflower | bleeding glory-bower | bleeding-heart vine | bleeding-heart-vine | glory-bower | glorytree",7
Clusia rosea Jacq. ’Princess’,EXACT,96,Clusia rosea,Clusia rosea,Clusia rosea Jacq.,5421060,Clusia retusa Poir. | Clusia silvicola Britton,2,pitch apple,Florida Clusia | Scotch attorney | Scotch-attorney | autographtree | balsam-apple | pitch apple,6
Coccothrinax readii H.J.Quero R.,EXACT,100,Coccothrinax readii,Coccothrinax readii,Coccothrinax readii H.J.Quero,2735226,,0,Nah-kaax,Nah-kaax | Náaj k'aax,2
Cocos nucifera L.,EXACT,100,Cocos nucifera,Cocos nucifera,Cocos nucifera L.,2735117,Cocos indica Royle | Cocos mamillaris Blanco | Cocos nana Griff. | Cocos nucifera f. palmyrensis Becc. | Cocos nucifera subsp. synphyllica Becc. | Cocos nucifera var. alangan Blume | Cocos nucifera var. alba Blume | Cocos nucifera var. angustifolia Hassk. | Cocos nucifera var. aurea Anon. | Cocos nucifera var. austera Blume | Cocos nucifera var. bego Blume | Cocos nucifera var. buri Blume | Cocos nucifera var. calimbahin Blume | Cocos nucifera var. capuliformis Blume | Cocos nucifera var. cistiformis Blume | Cocos nucifera var. como Blume | Cocos nucifera var. crassissima Blume | Cocos nucifera var. delicata Blume | Cocos nucifera var. eburnea Blume,19,Copra,Coconut | Coconut Palm | Coconut Tree | Cocore | Copra | Koko,6
Cocos nucifera L. 'King',EXACT,96,Cocos nucifera,Cocos nucifera,Cocos nucifera L.,2735117,Cocos indica Royle | Cocos mamillaris Blanco | Cocos nana Griff. | Cocos nucifera f. palmyrensis Becc. | Cocos nucifera subsp. synphyllica Becc. | Cocos nucifera var. alangan Blume | Cocos nucifera var. alba Blume | Cocos nucifera var. angustifolia Hassk. | Cocos nucifera var. aurea Anon. | Cocos nucifera var. austera Blume | Cocos nucifera var. bego Blume | Cocos nucifera var. buri Blume | Cocos nucifera var. calimbahin Blume | Cocos nucifera var. capuliformis Blume | Cocos nucifera var. cistiformis Blume | Cocos nucifera var. como Blume | Cocos nucifera var. crassissima Blume | Cocos nucifera var. delicata Blume | Cocos nucifera var. eburnea Blume,19,Copra,Coconut | Coconut Palm | Coconut Tree | Cocore | Copra | Koko,6
Cocos nucifera L. 'Maypan',EXACT,96,Cocos nucifera,Cocos nucifera,Cocos nucifera L.,2735117,Cocos indica Royle | Cocos mamillaris Blanco | Cocos nana Griff. | Cocos nucifera f. palmyrensis Becc. | Cocos nucifera subsp. synphyllica Becc. | Cocos nucifera var. alangan Blume | Cocos nucifera var. alba Blume | Cocos nucifera var. angustifolia Hassk. | Cocos nucifera var. aurea Anon. | Cocos nucifera var. austera Blume | Cocos nucifera var. bego Blume | Cocos nucifera var. buri Blume | Cocos nucifera var. calimbahin Blume | Cocos nucifera var. capuliformis Blume | Cocos nucifera var. cistiformis Blume | Cocos nucifera var. como Blume | Cocos nucifera var. crassissima Blume | Cocos nucifera var. delicata Blume | Cocos nucifera var. eburnea Blume,19,Copra,Coconut | Coconut Palm | Coconut Tree | Cocore | Copra | Koko,6
Coffea arabica L.,EXACT,100,Coffea arabica,Coffea arabica,Coffea arabica L.,2895345,Coffea arabica f. abyssinica A.Chev. | Coffea arabica subsp. abyssinica A.Chev. | Coffea arabica subsp. amarella A.Froehner | Coffea arabica subsp. angustifolia Cramer | Coffea arabica subsp. bourbon Rodr. | Coffea arabica subsp. bourbon Rodr. ex Choussy | Coffea arabica subsp. brevistipulata Cif. | Coffea arabica subsp. bullata Cramer | Coffea arabica subsp. columnaris Ottol. | Coffea arabica subsp. columnaris Ottol. ex Cramer | Coffea arabica subsp. culta A.Chev. | Coffea arabica subsp. cultoides A.Chev. | Coffea arabica subsp. erecta Ottol. | Coffea arabica subsp. erecta Ottol. ex Cramer | Coffea arabica subsp. latifolia A.Chev. | Coffea arabica subsp. longistipulata Cif. | Coffea arabica subsp. maragogype A.Froehner | Coffea arabica subsp. mokka Cramer | Coffea arabica subsp. monosperma Ottol. & Cramer | Coffea arabica subsp. murta Lalière,20,Coffee,"Arabian coffee | Arabica coffee, Arabian coffee, Coffee tree, Coffee, | Coffee | arabica coffee",4
Coffea arabica L. 'Bourbon',EXACT,96,Coffea arabica,Coffea arabica,Coffea arabica L.,2895345,Coffea arabica f. abyssinica A.Chev. | Coffea arabica subsp. abyssinica A.Chev. | Coffea arabica subsp. amarella A.Froehner | Coffea arabica subsp. angustifolia Cramer | Coffea arabica subsp. bourbon Rodr. | Coffea arabica subsp. bourbon Rodr. ex Choussy | Coffea arabica subsp. brevistipulata Cif. | Coffea arabica subsp. bullata Cramer | Coffea arabica subsp. columnaris Ottol. | Coffea arabica subsp. columnaris Ottol. ex Cramer | Coffea arabica subsp. culta A.Chev. | Coffea arabica subsp. cultoides A.Chev. | Coffea arabica subsp. erecta Ottol. | Coffea arabica subsp. erecta Ottol. ex Cramer | Coffea arabica subsp. latifolia A.Chev. | Coffea arabica subsp. longistipulata Cif. | Coffea arabica subsp. maragogype A.Froehner | Coffea arabica subsp. mokka Cramer | Coffea arabica subsp. monosperma Ottol. & Cramer | Coffea arabica subsp. murta Lalière,20,Coffee,"Arabian coffee | Arabica coffee, Arabian coffee, Coffee tree, Coffee, | Coffee | arabica coffee",4
Coffea arabica L. 'Nana',EXACT,96,Coffea arabica,Coffea arabica,Coffea arabica L.,2895345,Coffea arabica f. abyssinica A.Chev. | Coffea arabica subsp. abyssinica A.Chev. | Coffea arabica subsp. amarella A.Froehner | Coffea arabica subsp. angustifolia Cramer | Coffea arabica subsp. bourbon Rodr. | Coffea arabica subsp. bourbon Rodr. ex Choussy | Coffea arabica subsp. brevistipulata Cif. | Coffea arabica subsp. bullata Cramer | Coffea arabica subsp. columnaris Ottol. | Coffea arabica subsp. columnaris Ottol. ex Cramer | Coffea arabica subsp. culta A.Chev. | Coffea arabica subsp. cultoides A.Chev. | Coffea arabica subsp. erecta Ottol. | Coffea arabica subsp. erecta Ottol. ex Cramer | Coffea arabica subsp. latifolia A.Chev. | Coffea arabica subsp. longistipulata Cif. | Coffea arabica subsp. maragogype A.Froehner | Coffea arabica subsp. mokka Cramer | Coffea arabica subsp. monosperma Ottol. & Cramer | Coffea arabica subsp. murta Lalière,20,Coffee,"Arabian coffee | Arabica coffee, Arabian coffee, Coffee tree, Coffee, | Coffee | arabica coffee",4
Coffea canephora Pierre ex A.Froehner,EXACT,100,Coffea canephora,Coffea canephora,Coffea canephora Pierre ex A.Froehner,2895528,Coffea arabica var. stuhlmannii A.Froehner | Coffea bukobensis Zimm. | Coffea canephora Pierre | Coffea canephora f. sankuruensis De Wild. | Coffea canephora f. sankuruensis DeWild. | Coffea canephora var. crassifolia Laurent | Coffea canephora var. crassifolia Laurent ex De Wild. | Coffea canephora var. crassifolia Lautent | Coffea canephora var. crassifolia Lautent ex DeWild. | Coffea canephora var. gossweileri A.Chev. | Coffea canephora var. hiernii Pierre | Coffea canephora var. hiernii Pierre ex De Wild. | Coffea canephora var. hiernii Pierre ex DeWild. | Coffea canephora var. hinaultii Pierre | Coffea canephora var. hinaultii Pierre ex De Wild. | Coffea canephora var. hinaultii Pierre ex DeWild. | Coffea canephora var. kouilouensis De Wild. | Coffea canephora var. kouilouensis DeWild. | Coffea canephora var. laurentii (De Wild.) A.Chev. | Coffea canephora var. maclaudii (A.Chev.) A.Chev.,20,Robusta Coffee,Congo coffeetree | Conilon | Robusta Coffee | cafeiro,4
Colocasia esculenta (L.) Schott.,EXACT,100,Colocasia esculenta,Colocasia esculenta,Colocasia esculenta (L.) Schott,5330776,,0,Taro,"Bore | Coco yam | Katchu | Majimbi | Malanga | Taro | Taro, Cocoyam, Dasheen, Wild taro, Eddo, Elephant's ear | Wild Taro",8
Colvillea racemosa Bojer ex Hook.,EXACT,100,Colvillea racemosa,Colvillea racemosa,Colvillea racemosa Bojer ex Hook.,10704829,,0,,,0
Cordia myxa L. non Forssk.,EXACT,100,Cordia myxa,Cordia myxa,Cordia myxa L.,5341290,Cordia domestica Roth | Cordia domestica var. evolutior (C.B.Clarke) M.R.Almeida | Cordia evolutior (C.B.Clarke) Gamble | Cordia fulvosa Wight | Cordia fulvosa var. evolutior C.B.Clarke | Cordia latifolia Wall. | Cordia latifolia Wall. ex G.Don | Cordia myxa var. domestica (Roth) C.B.Clarke | Cordia officinalis Lam. | Cordia paniculata Roth | Cordia petta-pelioporet B.Heyne | Cordia petta-pelioporet B.Heyne ex Roth | Cordia scabrifolia Benth. | Cordia scabrifolia Benth. ex Griseb. | Cordia sebestena Forssk.,15,Lasoda,Assyrian Plum | Assyrian-plum | Clammy cherry | Indian cherry | Indian-cherry | Lasoda | Mrovu | Salelo | Sapistan plum | Sebesten,10
Couroupita guianensis Auhl.,EXACT,87,Couroupita guianensis,Couroupita guianensis,Couroupita guianensis Aubl.,3082562,Couroupita acreensis R.Knuth | Couroupita antillana Miers | Couroupita froesii R.Knuth | Couroupita guianensis var. surinamensis (Mart. ex Berg) Eyma | Couroupita idolica Dwyer | Couroupita membranacea Miers | Couroupita peruviana O.Berg | Couroupita saintcroixiana R.Knuth | Couroupita surinamensis Mart. | Couroupita surinamensis Mart. ex Berg | Couroupita venezuelensis R.Knuth,11,Cannonball Tree,Cannonball Tree,1
Ctenanthe amabilis (E.Morren) H.A.Kenn. & Nicolson,EXACT,100,Ctenanthe amabilis,Ctenanthe amabilis,Ctenanthe amabilis (É.Morren) H.Kenn. & Nicolson,2762431,,0,,,0
Cubanola domingensis (Britton) Aiella,EXACT,100,Cubanola domingensis,Cubanola domingensis,Cubanola domingensis (Britton) Aiello,2893015,,0,,,0
Curculigo capitulata (Lour.) Kantze.,EXACT,88,Curculigo capitulata,Curculigo capitulata,Curculigo capitulata (Lour.) Kuntze,2852556,Curculigo foliis-variegatis Pynaert | Curculigo fuziwarae Yamam. | Curculigo glabra Merr. | Curculigo recurvata Dryand. | Curculigo recurvata W.T.Aiton | Curculigo recurvata var. variegatea W.Bull | Curculigo strobiliformis D.Fang & D.H.Qin | Curculigo sumatrana Roxb.,8,palm-grass,palm-grass,1
Cyanastrum cordifolium Oliv.,EXACT,100,Cyanastrum cordifolium,Cyanastrum cordifolium,Cyanastrum cordifolium Oliv.,2860900,Cyanastrum cordifolium var. compactum (Oliv.) R.T.Clausen,1,,,0
Cyperus diffusus Vahl.,EXACT,100,Cyperus diffusus,Cyperus diffusus,Cyperus diffusus Vahl,2713932,Cyperus bancanus subsp. brevibracteatus E.G.Camus | Cyperus diffusus subsp. brevibracteatus (E.G.Camus) Kük. | Cyperus diffusus subsp. celebicus (Miq.) Kük. | Cyperus diffusus subsp. latifolius L.K.Dai | Cyperus diffusus subsp. macrostachyus Boeck. | Cyperus diffusus subsp. multispicatus S.M.Huang | Cyperus diffusus subsp. turgidulus Suringar | Cyperus diffusus subsp. umbrosus (Lindl. ex Nees) Kük. | Cyperus diffusus var. celebicus (Miq.) Kük. | Cyperus holophyllus Miq. ex DeVriese | Cyperus holophyllus subsp. celebicus Miq. | Cyperus laxus subsp. multispicatus (S.M.Huang) S.M.Huang,12,Diffused Flatsedge,Diffused Flatsedge | Dwarf Umbrella Grass,2
Delonix regia (Bojer) Raf.,EXACT,100,Delonix regia,Delonix regia,Delonix regia (Bojer ex Hook.) Raf.,2956176,Delonix regia subsp. flavida Stehle | Delonix regia subsp. genuina Stehle | Delonix regia var. flavida Stehlé | Delonix regia var. genuina Stehlé,4,Flamboyan,Flamboyan | Flamboyant Tree | Flanbwayan | Gold Mohar | July Tree | Krishnochura | Royal Poinciana,7
Dendrocnide excelsa (Wedd.) Chew.,EXACT,100,Dendrocnide excelsa,Dendrocnide excelsa,Dendrocnide excelsa (Wedd.) Chew,4098881,,0,,,0
Dichrostachys cinerea (L.) Wight. et Arn.,EXACT,100,Dichrostachys cinerea,Dichrostachys cinerea,Dichrostachys cinerea (L.) Wight & Arn.,2975891,Dichrostachys cinerea subsp. lugardae (N.E.Br.) Brenan & Brummitt | Dichrostachys cinerea subsp. paucijuga Miq. | Dichrostachys lugardae N.E.Br. | Dichrostachys platycarpa Welw.,4,Aroma,Aroma | Batrini/sari batrini | Kalahari-Weihnachtsbaum | acacia Saint Domingue | el marabu | marabou-thorn | marabu | mimosa clochette | sickle bush | sicklebush,10
Dioscorea alata L.,EXACT,100,Dioscorea alata,Dioscorea alata,Dioscorea alata L.,2754476,Dioscorea aculeata Wight | Dioscorea alata subsp. globosa (Roxb.) Prain | Dioscorea alata subsp. purpurea (Roxb.) A.Pouchet | Dioscorea alata subsp. tarri Prain & Burkill | Dioscorea alata subsp. vera Prain & Burkill | Dioscorea alata var. globosa (Roxb.) Prain | Dioscorea alata var. purpurea (Roxb.) A.Pouchet | Dioscorea alata var. tarri Prain & Burkill | Dioscorea alata var. vera Prain & Burkill | Dioscorea atropurpurea Roxb. | Dioscorea colocasiifolia Pax | Dioscorea eburina Lour. | Dioscorea eburnea Lour. | Dioscorea globosa Roxb. | Dioscorea javanica Queva | Dioscorea purpurea Roxb. | Dioscorea rubella Roxb. | Dioscorea sapinii De Wild. | Dioscorea sapinii DeWild. | Dioscorea vulgaris Miq.,20,Yams,"Chiazi | Greater Yams | Guyana arrowroot | Ovi tsabo, Ovi tsabo lahi | Water yam | Winged Yam | Yams | greater yam",8
Dioscorea oppositifolia L.,EXACT,100,Dioscorea oppositifolia,Dioscorea oppositifolia,Dioscorea oppositifolia L.,2754965,Dioscorea opposita Thunb. | Dioscorea oppositifolia var. dukhunensis Prain & Burkill | Dioscorea oppositifolia var. linnaei Prain & Burkill | Dioscorea oppositifolia var. thwaitesii Prain & Burkill,4,Chinese yam,Chinese yam | cinnamon vine | ma,3
Dioscorea polystachya Turcz. (Dioscorea batatas),HIGHERRANK,100,Dioscorea polystachya,Dioscorea polystachya,Dioscorea polystachya Turcz.,2754732,Dioscorea batatas Decne. | Dioscorea batatas f. clavata Makino | Dioscorea batatas f. daikok Makino | Dioscorea batatas f. flabellata Makino | Dioscorea batatas f. rakuda Makino | Dioscorea batatas f. tsukune Makino | Dioscorea batatas subsp. clavata Makino | Dioscorea batatas subsp. daikok Makino | Dioscorea batatas subsp. flabellata Makino | Dioscorea batatas subsp. rakuda Makino | Dioscorea batatas subsp. tsukune Makino | Dioscorea cayenensis var. pseudobatatas Hauman | Dioscorea cayennensis subsp. pseudobatatas Hauman | Dioscorea decaisneana Carrière | Dioscorea doryphora Hance | Dioscorea polystachya f. elongata Nakai | Dioscorea polystachya f. tsukune Nakai | Dioscorea potaninii Prain & Burkill | Dioscorea pseudobatatas (Hauman) Herter | Dioscorea rosthornii Diels,20,Chinese Yam,Chinese Yam | Chinese-potato | Cinnamon-vine | Yam,4
Dischidia bengalensis Colebr.,EXACT,100,Dischidia bengalensis,Dischidia bengalensis,Dischidia bengalensis Colebr.,3571031,Dischidia bengalensis var. cuneifolia (Wall.) Kuntze | Dischidia bengalensis var. spathulata (Blume) Kuntze | Dischidia cuneifolia Wall. | Dischidia loeseneriana Schltr. | Dischidia pseudobenghalensis Costantin | Dischidia spathulata Blume,6,,,0
Dischidia platyphylla Schltr.,EXACT,100,Dischidia platyphylla,Dischidia platyphylla,Dischidia platyphylla Schltr.,3582027,,0,,,0
Dischidia subulata Warb. Dischidia cordifolia,HIGHERRANK,100,Dischidia subulata,Dischidia subulata,Dischidia subulata Warb.,7312659,,0,,,0
Dischidia vidalii Becc. ,EXACT,100,Dischidia vidalii,Dischidia vidalii,Dischidia vidalii Becc.,8017070,Dischidia pectenoides H.Pearson,1,,,0
Elaeis guineensis Jacq,EXACT,100,Elaeis guineensis,Elaeis guineensis,Elaeis guineensis Jacq.,2731882,Elaeis dybowskii Hua | Elaeis guineensis f. androgyna A.Chev. | Elaeis guineensis f. caryolitica Becc. | Elaeis guineensis f. dioica A.Chev. | Elaeis guineensis f. dura Becc. | Elaeis guineensis f. fatua Becc. | Elaeis guineensis f. ramosa A.Chev. | Elaeis guineensis f. semidura Becc. | Elaeis guineensis f. tenera Becc. | Elaeis guineensis subsp. albescens Becc. | Elaeis guineensis subsp. androgyna A.Chev. | Elaeis guineensis subsp. angulosa Becc. | Elaeis guineensis subsp. caryolitica Becc. | Elaeis guineensis subsp. ceredia A.Chev. | Elaeis guineensis subsp. compressa Becc. | Elaeis guineensis subsp. dioica A.Chev. | Elaeis guineensis subsp. dura Becc. | Elaeis guineensis subsp. fatua Becc. | Elaeis guineensis subsp. gracilinux A.Chev. | Elaeis guineensis subsp. idolatrica A.Chev.,20,Oil palm,"African Oil Palm | Mavangati lahi, Mavangati menaka | Mbija n'drume, Mbija matra | Oil palm | apwiraiasi | dendezeiro",6
Elettaria ensal (Gaertn.) Abeyw.,EXACT,100,Elettaria ensal,Elettaria ensal,Elettaria ensal (Gaertn.) Abeyw.,2759860,Elettaria cardamomum subsp. zeylanicum J.Pereira | Elettaria cardamomum var. major Thwaites | Elettaria major Sm.,3,,,0
Epidendum ciliare L.,FUZZY,96,Epidendrum ciliare,Epidendrum ciliare,Epidendrum ciliare L.,5320796,Epidendrum ciliare var. cuspidatum (G.Lodd.) Lindl. | Epidendrum ciliare var. minor Stein | Epidendrum ciliare var. typicum Stehlé | Epidendrum ciliare var. viscidum (Lindl.) Lindl. | Epidendrum cuspidatum G.Lodd. | Epidendrum cuspidatum var. brachysepalum Rchb.f. | Epidendrum luteum Planch. | Epidendrum sanctalucianum H.G.Jones | Epidendrum viscidum Lindl.,9,Eyelash Orchid,Christmas Orchid | Eyelash Orchid | Fringed Star Orchid | Lady's Lash Orchid,4
Epiphyllum anguliger (Lem.) G.Don,EXACT,100,Epiphyllum anguliger,Epiphyllum anguliger,Epiphyllum anguliger (Lem.) G.Don,7673570,,0,Fishbone Cactus,Fishbone Cactus | Moon Cactus | Queen of the Night,3
Epiphyllum chrysocardium Alex.,EXACT,100,Epiphyllum chrysocardium,Epiphyllum chrysocardium,Epiphyllum chrysocardium Alexander,5621256,,0,,,0
Epiphyllum oxypetalum (DC.) Haw.,EXACT,100,Epiphyllum oxypetalum,Epiphyllum oxypetalum,Epiphyllum oxypetalum (DC.) Haw.,5384031,Epiphyllum acuminatum K.Schum. | Epiphyllum grande (Lem.) Britton & Rose | Epiphyllum latifrons (Zucc.) Pfeiff. | Epiphyllum oxypetalum var. purpusii (Weing.) Backeb. | Epiphyllum purpusii (Weing.) F.M.Knuth,5,Dutchman's Pipe Cactus,Dutchman's Pipe Cactus | Dutchman's-pipe cactus | tan hua,3
Erythroxylum coca Lam,EXACT,100,Erythroxylum coca,Erythroxylum coca,Erythroxylum coca Lam.,2873939,Erythroxylum bolivianum Burck | Erythroxylum chilpei E.Machado | Erythroxylum peruvianum Mitch. & Pascal | Erythroxylum peruvianum Mitch. & Pascal ex Steud.,4,Coca,Coca,1
Euphorbia leuconeura Boiss,EXACT,100,Euphorbia leuconeura,Euphorbia leuconeura,Euphorbia leuconeura Boiss.,3066177,Euphorbia fournieri Rebut,1,,,0
Euterpe oleracea Mart.,EXACT,100,Euterpe oleracea,Euterpe oleracea,Euterpe oleracea Mart.,5293398,Euterpe badiocarpa Barb.Rodr. | Euterpe beardii L.H.Bailey | Euterpe brasiliana Oken | Euterpe cuatrecasana Dugand | Euterpe cuatrecasasiana Dugand,5,Assai Palm,Assai Palm,1
Ficus benghalensis L.,EXACT,100,Ficus benghalensis,Ficus benghalensis,Ficus benghalensis L.,5361919,Ficus banyana Oken | Ficus benghalensis var. benghalensis | Ficus benghalensis var. krishnae (C.DC.) C.DC. | Ficus chauvieri G.Nicholson | Ficus chauvieri Rob. | Ficus cotoneifolia Vahl | Ficus cotonifolia Stokes | Ficus crassinervia Hort.Berol. | Ficus crassinervia Hort.Berol. ex Kunth & C.D.Bouché | Ficus indica L. | Ficus karet Baill. | Ficus lancifolia Moench | Ficus lasiophylla Link | Ficus procera Salisb. | Ficus umbrosa Salisb.,15,Bengal fig,Bengal banyan | Bengal fig | Bot | East Indian figtree | Indian Banyan,5
Ficus cyathistipula Warb,EXACT,100,Ficus cyathistipula,Ficus cyathistipula,Ficus cyathistipula Warb.,7262354,,0,likumo,kimbale | likumo,2
Ficus elastica Roxb. ex Hornem. 'De la Rouche',EXACT,95,Ficus elastica,Ficus elastica,Ficus elastica Roxb. ex Hornem.,5361903,,0,India rubber tree,India rubber fig | India rubber tree | Indian Rubber Fig | Indian rubberplant | Indian rubbertree | atta bor | figueira-indiana,7
Ficus elastica Roxb. ex Hornem. 'Melani',EXACT,95,Ficus elastica,Ficus elastica,Ficus elastica Roxb. ex Hornem.,5361903,,0,India rubber tree,India rubber fig | India rubber tree | Indian Rubber Fig | Indian rubberplant | Indian rubbertree | atta bor | figueira-indiana,7
Ficus lyrata Warb.,EXACT,100,Ficus lyrata,Ficus lyrata,Ficus lyrata Warb.,5361899,Ficus jollyana A.Chev. | Ficus pandurata Sander,2,Fiddleleaf Fig,Fiddleleaf Fig | banjo fig | fiddle-leaf fig | lyre-leaf figtree | fiddle leaf fig,5
Ficus obliqua Forst.,EXACT,100,Ficus obliqua,Ficus obliqua,Ficus obliqua G.Forst.,7262513,"Ficus aphanoneura Warb. | Ficus backhousei (Miq.) Miq. | Ficus boothiana Miq. | Ficus elegans (Miq.) Miq. | Ficus eugenioides (Miq.) F.Muell. ex Miq. | Ficus eugenioides (Miq.) F.Muell., 1867 | Ficus graeffii Warb. | Ficus laevis Desf. | Ficus obliqua var. petiolaris (Benth.) Corner | Ficus platypoda var. petiolaris Benth. | Ficus tryonii F.M.Bailey | Ficus virginea Banks & Sol. | Ficus virginea Banks & Sol. ex Hiern",13,small-leaf fig,small-leaf fig,1
Ficus rubiginosa Desf. ex Vent.,EXACT,100,Ficus rubiginosa,Ficus rubiginosa,Ficus rubiginosa Desf. ex Vent.,5361929,Ficus australis Willd. | Ficus ferruginea (Miq.) Miq. | Ficus ferruginea Desf. | Ficus fulva Kunth & C.D.Bouché | Ficus leichhardtii (Miq.) Miq. | Ficus leichhardtii var. angustata Miq. | Ficus muelleri (Miq.) Miq. | Ficus novae-walliae Dum.Cours. | Ficus obliqua var. petiolaris (Benth.) Corner | Ficus platypoda var. leichhardtii (Miq.) R.J.F.Hend. | Ficus platypoda var. mollis Benth. | Ficus platypoda var. petiolaris Benth. | Ficus platypoda var. subacuminata Benth. | Ficus rubiginosa f. glabrescens (F.M.Bailey) D.J.Dixon | Ficus rubiginosa var. glabrescens F.M.Bailey | Ficus rubiginosa var. lucida Maiden | Ficus rubiginosa var. variegata Guilf. | Ficus shirleyana Domin,18,Illawarra fig,Illawarra fig | Port Jackson Fig | Rusty-leaved Fig | larger small-leaf fig | little leaf fig | littleleaf fig | rusty fig,7
Ficus rubiginosa Desf. ex Vent. 'Variegata',EXACT,96,Ficus rubiginosa,Ficus rubiginosa,Ficus rubiginosa Desf. ex Vent.,5361929,Ficus australis Willd. | Ficus ferruginea (Miq.) Miq. | Ficus ferruginea Desf. | Ficus fulva Kunth & C.D.Bouché | Ficus leichhardtii (Miq.) Miq. | Ficus leichhardtii var. angustata Miq. | Ficus muelleri (Miq.) Miq. | Ficus novae-walliae Dum.Cours. | Ficus obliqua var. petiolaris (Benth.) Corner | Ficus platypoda var. leichhardtii (Miq.) R.J.F.Hend. | Ficus platypoda var. mollis Benth. | Ficus platypoda var. petiolaris Benth. | Ficus platypoda var. subacuminata Benth. | Ficus rubiginosa f. glabrescens (F.M.Bailey) D.J.Dixon | Ficus rubiginosa var. glabrescens F.M.Bailey | Ficus rubiginosa var. lucida Maiden | Ficus rubiginosa var. variegata Guilf. | Ficus shirleyana Domin,18,Illawarra fig,Illawarra fig | Port Jackson Fig | Rusty-leaved Fig | larger small-leaf fig | little leaf fig | littleleaf fig | rusty fig,7
Flacourtia flavescens Willd.,EXACT,100,Flacourtia flavescens,Flacourtia flavescens,Flacourtia flavescens Willd.,7591438,,0,,,0
Globba schomburgkii Hook.f.,EXACT,100,Globba schomburgkii,Globba schomburgkii,Globba schomburgkii Hook.f.,2757889,,0,Dancing girl ginger,Dancing girl ginger,1
Harpullia arborea (Blanco) Radlk,EXACT,100,Harpullia arborea,Harpullia arborea,Harpullia arborea (Blanco) Radlk.,3190016,Harpullia arborea var. megalocarpa Merr. | Harpullia blancoi Fern.-Vill. | Harpullia condorensis Pierre | Harpullia divaricata Radlk. | Harpullia glanduligera Radlk. | Harpullia imbricata (Blume) Thwaites | Harpullia pedicellaris Radlk. | Harpullia sphaeroloba Radlk. | Harpullia tomentosa Ridl.,9,Tulip-wood tree,Tulip-wood tree,1
Hatiora pentaptera (Pfeiff. ex A. Dietr.) Lem.,EXACT,100,Hatiora pentaptera,Hatiora pentaptera,Hatiora pentaptera (Pfeiff. ex A.Dietr.) Lem.,8059553,,0,,,0
Hatiora salicornioides Britton et Rose.,EXACT,100,Hatiora salicornioides,Hatiora salicornioides,Hatiora salicornioides Britton & Rose,7280906,Hatiora bambusoides Britton & Rose,1,dancing-bones,bottle cactus | dancing-bones | drunkard's dream | drunkard's-dream,4
Hedychium coronarium J.G.Koenig.,EXACT,100,Hedychium coronarium,Hedychium coronarium,Hedychium coronarium J.Koenig,7883492,Hedychium chrysoleucum Hook. | Hedychium coronarium subsp. chrysoleucum (Hook.) Baker | Hedychium coronarium subsp. maximum (Roscoe) Eichler | Hedychium coronarium var. baimao Z.Y.Zhu | Hedychium coronarium var. chrysoleucum (Hook.) Baker | Hedychium coronarium var. maximum (Roscoe) Eichler | Hedychium flavescens var. chrysoleucum (Hook.) C.E.C.Fisch. | Hedychium gandasulium Buch.-Ham. | Hedychium gandasulium Buch.-Ham. ex Wall. | Hedychium lingulatum Hassk. | Hedychium maximum Roscoe | Hedychium prophetae Buch.-Ham. | Hedychium prophetae Buch.-Ham. ex Wall. | Hedychium spicatum G.Lodd. | Hedychium sulphureum Wall.,15,butterfly-lily,"'awapuhi-ke'oke'o | Butterfly-ginger | White Garland-lily, White ginger lily, White ginger, White butterfly ginger, White butterfly ginger lily, Butterfly ginger, Butterfly lily, Cinnamon jasmine, Garland flower, Garland lily, Ginger lily, White ginger butterfly lily | White garland-lily | butterfly-lily | cinnamon-jasmine | garland-flower | garland-flowers",8
Hedychium gardnerianum Ker.-gawl.,EXACT,100,Hedychium gardnerianum,Hedychium gardnerianum,Hedychium gardnerianum Sheph. ex Ker Gawl.,2758700,Hedychium gardnerianum Sheph. | Hedychium gardnerianum var. fasciatum K.Koch | Hedychium gardnerianum var. pallidum (Regel) Baker | Hedychium pallidum Regel,4,ginger-lily,"Girlandenblume | Himalayan ginger | Jin jiang hua | Kahila garland-lily | Kahila garland-lily, Kahili ginger, Wild ginger | Kahili ginger | awapuhi kahili | cevuga dromodromo | conteira | ginger-lily",10
Hedychium horsfieldii R.Br. ex Wall.,EXACT,100,Hedychium horsfieldii,Hedychium horsfieldii,Hedychium horsfieldii R.Br. ex Wall.,2758650,Hedychium horsfieldii R.Br. | Hedychium microchilum Ridl.,2,,,0
Heliconia 'Olympic Flame',HIGHERRANK,96,Heliconia,Heliconia,Heliconia L.,2760545,,0,Heliconia,Heliconia | Platanillo,2
Heliconia rostrata Ruiz et Pav.,EXACT,100,Heliconia rostrata,Heliconia rostrata,Heliconia rostrata Ruiz & Pav.,2760967,Heliconia poeppigiana Eichler | Heliconia poeppigiana Eichler ex Petersen,2,False Bird of Paradise,"False Bird of Paradise | Sari hontsi, Sari kida | false bird-of-paradise",3
Hoffmannia ghiesberghtii (Lem.) Hemsl.,FUZZY,100,Hoffmannia ghiesbreghtii,Hoffmannia ghiesbreghtii,Hoffmannia ghiesbreghtii (Lem.) Hemsl.,5335448,,0,,,0
Hoffmannia ghiesberghtii (Lem.) Hemsl.,FUZZY,100,Hoffmannia ghiesbreghtii,Hoffmannia ghiesbreghtii,Hoffmannia ghiesbreghtii (Lem.) Hemsl.,5335448,,0,,,0
Hura crepitans L.,EXACT,100,Hura crepitans,Hura crepitans,Hura crepitans L.,5380015,Hura brasiliensis Willd. | Hura crepitans f. oblongifolia Müll.Arg. | Hura crepitans f. orbicularis Müll.Arg. | Hura crepitans f. ovata Müll.Arg. | Hura crepitans var. genuina Müll.Arg. | Hura crepitans var. membranacea Müll.Arg. | Hura crepitans var. oblongifolia Müll.Arg. | Hura crepitans var. orbicularis Müll.Arg. | Hura crepitans var. ovata Müll.Arg. | Hura crepitans var. senegalensis (Baill.) Boiss. | Hura crepitans var. senegalensis Müll.Arg. | Hura crepitans var. strepens Müll.Arg. | Hura senegalensis Baill. | Hura strepens Willd.,14,Sandbox tree,"Sandbox tree | asiwakalan, kumakalan",2
Hylocereus megalanthus (K.Schum.) Ralf Bauer,EXACT,100,Hylocereus megalanthus,Hylocereus megalanthus,Hylocereus megalanthus (K.Schum. ex Vaupel) Ralf Bauer,3944769,,0,yellow pitaya,yellow pitaya,1
Hylocereus undatus (Haw.) Britton et Rose.,EXACT,100,Hylocereus undatus,Hylocereus undatus,Hylocereus undatus (Haw.) Britton & Rose,3084394,,0,Dragon Fruit,Belle of the Night | Dragon Fruit | Night Blooming Cereus | Nightblooming cactus | Strawberry Pear | belle-of-the-night,6
Isolepis cernua (Vahl) Roem. et Schukt.,EXACT,100,Isolepis cernua,Isolepis cernua,Isolepis cernua (Vahl) Roem. & Schult.,2713316,"Isolepis mineae Parl., 1846 | Isolepis prolifera Melis, 1875 | Isolepis savii Palla",3,low bulrush,Slender Club-rush | Small Bristle Club-Rush | fiber-optic-grass | low bulrush | low clubrush,5
Justicia brandegeana Wassh. & L.B.Sm.,FUZZY,100,Justicia brandegeeana,Justicia brandegeeana,Justicia brandegeeana Wassh. & L.B.Sm.,3173122,Justicia straminea D.N.Gibson,1,false hop,Honolulu-salvia | Mexican shrimp-plant | Shrimpplant | false hop | shrimp-plant | shrimpbush,6
Justicia carnea Lindl.,EXACT,100,Justicia carnea,Justicia carnea,Justicia carnea Lindl.,3770188,,0,plumeflower,Brazilian-Plume | flamingo-flower | king's-crown | plumeflower,4
Khaya grandifolia C.DC.,FUZZY,100,Khaya grandifoliola,Khaya grandifoliola,Khaya grandifoliola C.DC.,3852039,Khaya dawei Stapf | Khaya dawei Stapf ex Broun & R.E.Massey | Khaya grandis Stapf | Khaya kerstingii Harms | Khaya kissiensis A.Chev. | Khaya punchii Stapf,6,Beninwood,African Mahogany | Benin Mahogany | Benin-mahogany | Beninwood | Large-leaved Mahogany | Senegal Mahogany | gagaliga | tido,8
Kigelia pinnata (Jacq.) DC.,EXACT,100,Kigelia pinnata,Kigelia pinnata,Kigelia pinnata (Jacq.) DC.,3172562,,0,,,0
Kohleria hirsuta (HBK) Reg.,EXACT,100,Kohleria hirsuta,Kohleria hirsuta,Kohleria hirsuta (Kunth) Regel,6365157,,0,,,0
Lagerstroemia speciosa (L.) Pers.,EXACT,100,Lagerstroemia speciosa,Lagerstroemia speciosa,Lagerstroemia speciosa (L.) Pers.,3188724,Lagerstroemia speciosa var. intermedia (Koehne) Furtado & Montien,1,Jarul,Jarul | Pride of India | Sari konokono wadrada | giant crepe-myrtle | pride-of-India | pyinma | queen's crape-myrtle | queen's-flower | reseda-flor-da-rainha | resedá-flor-da-rainha | resedá-gigante,11
Mangifera indica L. 'Irwin',EXACT,96,Mangifera indica,Mangifera indica,Mangifera indica L.,3190638,Mangifera amba Forssk. | Mangifera anisodora Blanco | Mangifera austroyunnanensis H.H.Hu | Mangifera austroyunnanensis Hu | Mangifera balba Crevost & Lemarié | Mangifera cambodiana (Pierre) Anon. | Mangifera domestica Gaertn. | Mangifera equina Crevost & Lemarié | Mangifera gladiata Bojer | Mangifera indica var. bapang Blume | Mangifera indica var. cambodiana Pierre | Mangifera indica var. compressa Blume | Mangifera indica var. deropong Blume | Mangifera indica var. dodol Blume | Mangifera indica var. domestica (Gaertn.) Blume | Mangifera indica var. gratissima Blume | Mangifera indica var. kaijer Blume | Mangifera indica var. kalapa Blume | Mangifera indica var. kidang Blume | Mangifera indica var. marundana Blume,20,Mango,Am | Common Indian Mango | Indian mango | Mako | Manga | Mango | Mango Tree,7
Mangifera indica L. 'Kensington',EXACT,96,Mangifera indica,Mangifera indica,Mangifera indica L.,3190638,Mangifera amba Forssk. | Mangifera anisodora Blanco | Mangifera austroyunnanensis H.H.Hu | Mangifera austroyunnanensis Hu | Mangifera balba Crevost & Lemarié | Mangifera cambodiana (Pierre) Anon. | Mangifera domestica Gaertn. | Mangifera equina Crevost & Lemarié | Mangifera gladiata Bojer | Mangifera indica var. bapang Blume | Mangifera indica var. cambodiana Pierre | Mangifera indica var. compressa Blume | Mangifera indica var. deropong Blume | Mangifera indica var. dodol Blume | Mangifera indica var. domestica (Gaertn.) Blume | Mangifera indica var. gratissima Blume | Mangifera indica var. kaijer Blume | Mangifera indica var. kalapa Blume | Mangifera indica var. kidang Blume | Mangifera indica var. marundana Blume,20,Mango,Am | Common Indian Mango | Indian mango | Mako | Manga | Mango | Mango Tree,7
Mangifera indica L. 'Osteen',EXACT,96,Mangifera indica,Mangifera indica,Mangifera indica L.,3190638,Mangifera amba Forssk. | Mangifera anisodora Blanco | Mangifera austroyunnanensis H.H.Hu | Mangifera austroyunnanensis Hu | Mangifera balba Crevost & Lemarié | Mangifera cambodiana (Pierre) Anon. | Mangifera domestica Gaertn. | Mangifera equina Crevost & Lemarié | Mangifera gladiata Bojer | Mangifera indica var. bapang Blume | Mangifera indica var. cambodiana Pierre | Mangifera indica var. compressa Blume | Mangifera indica var. deropong Blume | Mangifera indica var. dodol Blume | Mangifera indica var. domestica (Gaertn.) Blume | Mangifera indica var. gratissima Blume | Mangifera indica var. kaijer Blume | Mangifera indica var. kalapa Blume | Mangifera indica var. kidang Blume | Mangifera indica var. marundana Blume,20,Mango,Am | Common Indian Mango | Indian mango | Mako | Manga | Mango | Mango Tree,7
Medinilla magnifica Lindl.,EXACT,100,Medinilla magnifica,Medinilla magnifica,Medinilla magnifica Lindl.,3188507,Medinilla bracteata Veitch | Medinilla superba Teijsm. & Binn. | Medinilla superba Teijsm. & Binn. ex Triana,3,pink medinilla,Showy Medinilla | pink medinilla,2
Nephelium lappaceum,EXACT,99,Nephelium lappaceum,Nephelium lappaceum,Nephelium lappaceum L.,5421126,Nephelium chryseum Blume | Nephelium echinatum Noronha | Nephelium glabrum (Blume) Cambess. | Nephelium glabrum Noronha | Nephelium glabrum var. sufferugineum (Radlk.) Ridl. | Nephelium lappaceum var. glabrum (Blume) Blume | Nephelium maculatum Radlk. | Nephelium obovatum Ridl. | Nephelium pallens Radlk. | Nephelium rambutan Schnizl. | Nephelium rimosum G.Don,11,pulasan,Rambutan | pulasan,2
Mimosa aculeaticarpa Ortega,EXACT,100,Mimosa aculeaticarpa,Mimosa aculeaticarpa,Mimosa aculeaticarpa Ortega,2969973,Mimosa acanthocarpa (Willd.) Benth. | Mimosa acanthocarpa (Willd.) Poir. | Mimosa acanthocarpa var. desmanthocarpa B.L.Rob. | Mimosa aculeaticarpa var. aculeaticarpa | Mimosa aculeaticarpa var. desmanthocarpa (B.L.Rob.) J.F.Macbr. | Mimosa arida Benth. | Mimosa brachyacantha Poir. | Mimosa moreliensis (Britton) Bullock | Mimosa uncinella Poir.,9,catclaw mimosa,catclaw mimosa | mimosa,2
Mimosa polycarpa Kanth. var. spegazzinii (Pirrota) Burkart.,EXACT,100,Mimosa polycarpa spegazzinii,Mimosa polycarpa,Mimosa polycarpa var. spegazzinii (Pirotta) Burkart,2969639,Mimosa pachecensis S.Moore | Mimosa polycarpa var. subglabrata Hoehne | Mimosa polychaeta Malme | Mimosa spegazzinii Pirotta,4,,,0
Morinda citriodora l,HIGHERRANK,96,Morinda,Morinda,Morinda L.,2915429,,0,,,0
Murraya paniculata (L.) Jack,EXACT,100,Murraya paniculata,Murraya paniculata,Murraya paniculata (L.) Jack,5421335,,0,Orange Jasmine,"Anfounloulou, Foulaguin | Chinese box | Mock orange | Orange jessamine, Jessamine, Lakeview jasmine, Jasmine orange, Mock orange, Hawaiian mock orange, Satinwood, Chinese box, China-box, Cosmetic bark tree, Honey bush, Murraya | orange-jessamine | qian li xiang | tiare anani | Orange Jasmine",8
Musa coccinea Andrews,EXACT,100,Musa coccinea,Musa coccinea,Musa coccinea Andrews,2762920,,0,Okinawa Torch,Okinawa Torch | Red Flowering Banana | Red Flowering Thai Banana | Red Torch Banana | bananeira-florida | bananeira-vermelha | hong jiao | scarlet banana,8
Musa velutina Wendl. et Drude,EXACT,100,Musa velutina,Musa velutina,Musa velutina H.Wendl. & Drude,2762971,"Musa dasycarpa Kurz | Musa velutina var. variegata A.Joe, M.Sabu & Sreejith",2,hairy banana,Pink velvet banana | bananeira-de-jardim | bananeira-ornamental | fuzzy pink banana | hairy banana | pink banana | self-peeling banana,7
Musa x nana 'Cavendishii',EXACT,84,Musa nana,Musa nana,Musa nana Lour.,3750363,,0,,,0
Musa x paradisiaca L. 'Aple',EXACT,96,Musa paradisiaca,Musa paradisiaca,Musa × paradisiaca L.,2762752,Musa acuminata x M. balbisiana | Musa balbisiana var. vittata (G.W.Ackermann ex Rodigas) M.R.Almeida | Musa ornata var. normalis Kuntze | Musa paradisiaca subsp. sapientum (L.) Kuntze ex K.Schum. | Musa paradisiaca var. regia (Baker) K.Schum. | Musa paradisiaca var. sapientum (L.) Kuntze | Musa ×acutibracteata M.Hotta | Musa ×alphurica Miq. | Musa ×aphurica Rumph. | Musa ×aphurica Rumph. ex Sagot | Musa ×arakanensis F.W.Ripley | Musa ×arakanensis F.W.Ripley ex Blechynden | Musa ×bacoba Rottb. | Musa ×berteroi Colla | Musa ×bidigitalis De Wild. | Musa ×carolinae Sterler | Musa ×champa Baker | Musa ×chapara Perr. | Musa ×chiliocarpa Backer,19,banana,"French plantain | Hontsi | Meika, Meià | Trovi | banana",5
Musa x paradisiaca L. 'Kreol',EXACT,96,Musa paradisiaca,Musa paradisiaca,Musa × paradisiaca L.,2762752,Musa acuminata x M. balbisiana | Musa balbisiana var. vittata (G.W.Ackermann ex Rodigas) M.R.Almeida | Musa ornata var. normalis Kuntze | Musa paradisiaca subsp. sapientum (L.) Kuntze ex K.Schum. | Musa paradisiaca var. regia (Baker) K.Schum. | Musa paradisiaca var. sapientum (L.) Kuntze | Musa ×acutibracteata M.Hotta | Musa ×alphurica Miq. | Musa ×aphurica Rumph. | Musa ×aphurica Rumph. ex Sagot | Musa ×arakanensis F.W.Ripley | Musa ×arakanensis F.W.Ripley ex Blechynden | Musa ×bacoba Rottb. | Musa ×berteroi Colla | Musa ×bidigitalis De Wild. | Musa ×carolinae Sterler | Musa ×champa Baker | Musa ×chapara Perr. | Musa ×chiliocarpa Backer,19,banana,"French plantain | Hontsi | Meika, Meià | Trovi | banana",5
Musa x paradisiaca L. 'Pakovan',EXACT,96,Musa paradisiaca,Musa paradisiaca,Musa × paradisiaca L.,2762752,Musa acuminata x M. balbisiana | Musa balbisiana var. vittata (G.W.Ackermann ex Rodigas) M.R.Almeida | Musa ornata var. normalis Kuntze | Musa paradisiaca subsp. sapientum (L.) Kuntze ex K.Schum. | Musa paradisiaca var. regia (Baker) K.Schum. | Musa paradisiaca var. sapientum (L.) Kuntze | Musa ×acutibracteata M.Hotta | Musa ×alphurica Miq. | Musa ×aphurica Rumph. | Musa ×aphurica Rumph. ex Sagot | Musa ×arakanensis F.W.Ripley | Musa ×arakanensis F.W.Ripley ex Blechynden | Musa ×bacoba Rottb. | Musa ×berteroi Colla | Musa ×bidigitalis De Wild. | Musa ×carolinae Sterler | Musa ×champa Baker | Musa ×chapara Perr. | Musa ×chiliocarpa Backer,19,banana,"French plantain | Hontsi | Meika, Meià | Trovi | banana",5
Musa x paradisiaca L. 'Prata Ana',EXACT,96,Musa paradisiaca,Musa paradisiaca,Musa × paradisiaca L.,2762752,Musa acuminata x M. balbisiana | Musa balbisiana var. vittata (G.W.Ackermann ex Rodigas) M.R.Almeida | Musa ornata var. normalis Kuntze | Musa paradisiaca subsp. sapientum (L.) Kuntze ex K.Schum. | Musa paradisiaca var. regia (Baker) K.Schum. | Musa paradisiaca var. sapientum (L.) Kuntze | Musa ×acutibracteata M.Hotta | Musa ×alphurica Miq. | Musa ×aphurica Rumph. | Musa ×aphurica Rumph. ex Sagot | Musa ×arakanensis F.W.Ripley | Musa ×arakanensis F.W.Ripley ex Blechynden | Musa ×bacoba Rottb. | Musa ×berteroi Colla | Musa ×bidigitalis De Wild. | Musa ×carolinae Sterler | Musa ×champa Baker | Musa ×chapara Perr. | Musa ×chiliocarpa Backer,19,banana,"French plantain | Hontsi | Meika, Meià | Trovi | banana",5
Musa x paradisiaca L. 'Pray',EXACT,96,Musa paradisiaca,Musa paradisiaca,Musa × paradisiaca L.,2762752,Musa acuminata x M. balbisiana | Musa balbisiana var. vittata (G.W.Ackermann ex Rodigas) M.R.Almeida | Musa ornata var. normalis Kuntze | Musa paradisiaca subsp. sapientum (L.) Kuntze ex K.Schum. | Musa paradisiaca var. regia (Baker) K.Schum. | Musa paradisiaca var. sapientum (L.) Kuntze | Musa ×acutibracteata M.Hotta | Musa ×alphurica Miq. | Musa ×aphurica Rumph. | Musa ×aphurica Rumph. ex Sagot | Musa ×arakanensis F.W.Ripley | Musa ×arakanensis F.W.Ripley ex Blechynden | Musa ×bacoba Rottb. | Musa ×berteroi Colla | Musa ×bidigitalis De Wild. | Musa ×carolinae Sterler | Musa ×champa Baker | Musa ×chapara Perr. | Musa ×chiliocarpa Backer,19,banana,"French plantain | Hontsi | Meika, Meià | Trovi | banana",5
Musa x paradisiaca L. 'Red',EXACT,96,Musa paradisiaca,Musa paradisiaca,Musa × paradisiaca L.,2762752,Musa acuminata x M. balbisiana | Musa balbisiana var. vittata (G.W.Ackermann ex Rodigas) M.R.Almeida | Musa ornata var. normalis Kuntze | Musa paradisiaca subsp. sapientum (L.) Kuntze ex K.Schum. | Musa paradisiaca var. regia (Baker) K.Schum. | Musa paradisiaca var. sapientum (L.) Kuntze | Musa ×acutibracteata M.Hotta | Musa ×alphurica Miq. | Musa ×aphurica Rumph. | Musa ×aphurica Rumph. ex Sagot | Musa ×arakanensis F.W.Ripley | Musa ×arakanensis F.W.Ripley ex Blechynden | Musa ×bacoba Rottb. | Musa ×berteroi Colla | Musa ×bidigitalis De Wild. | Musa ×carolinae Sterler | Musa ×champa Baker | Musa ×chapara Perr. | Musa ×chiliocarpa Backer,19,banana,"French plantain | Hontsi | Meika, Meià | Trovi | banana",5
Musa x paradisiaca L. ssp. seminifera Bak.,EXACT,100,Musa paradisiaca seminifera,Musa paradisiaca,Musa paradisiaca subsp. seminifera (Lour.) Baker,8159796,,0,,,0
Musa x paradisiaca L. 'Valerie',EXACT,96,Musa paradisiaca,Musa paradisiaca,Musa × paradisiaca L.,2762752,Musa acuminata x M. balbisiana | Musa balbisiana var. vittata (G.W.Ackermann ex Rodigas) M.R.Almeida | Musa ornata var. normalis Kuntze | Musa paradisiaca subsp. sapientum (L.) Kuntze ex K.Schum. | Musa paradisiaca var. regia (Baker) K.Schum. | Musa paradisiaca var. sapientum (L.) Kuntze | Musa ×acutibracteata M.Hotta | Musa ×alphurica Miq. | Musa ×aphurica Rumph. | Musa ×aphurica Rumph. ex Sagot | Musa ×arakanensis F.W.Ripley | Musa ×arakanensis F.W.Ripley ex Blechynden | Musa ×bacoba Rottb. | Musa ×berteroi Colla | Musa ×bidigitalis De Wild. | Musa ×carolinae Sterler | Musa ×champa Baker | Musa ×chapara Perr. | Musa ×chiliocarpa Backer,19,banana,"French plantain | Hontsi | Meika, Meià | Trovi | banana",5
Nautilocalyx lynchii Hook.f.,EXACT,88,Nautilocalyx lynchii,Nautilocalyx lynchii,Nautilocalyx lynchii (Hook.fil.) Sprague,3820178,,0,,,0
Neptunia plena (L.) Benth.,EXACT,100,Neptunia plena,Neptunia plena,Neptunia plena (L.) Benth.,5353568,Neptunia plena f. lumbricoides Fassett | Neptunia polyphylla (DC.) Benth. | Neptunia surinamensis Steud.,3,Waterthistle,"Dead and Awake | Ponpon jòn, Ponpon ma, Akasya jòn | Water Dead And Awake | Water Dead-and-Awake | Waterthistle | water sensitive",6
Oxalis triangularis A. St.-Hil. var. purpurea,HIGHERRANK,100,Oxalis triangularis,Oxalis triangularis,Oxalis triangularis A.St.-Hil.,7156971,Oxalis triangularis var. lepida Progel,1,Wood Sorrel,Wood Sorrel | azedinha,2
Pachira affinis Decne.,EXACT,100,Pachira affinis,Pachira affinis,Pachira affinis (Mart.) Decne.,4073166,,0,,,0
Pachira aquatica Aubl.,EXACT,100,Pachira aquatica,Pachira aquatica,Pachira aquatica Aubl.,3152235,Pachira aquatica var. aquatica | Pachira aquatica var. occidentalis Cuatrec. | Pachira aquatica var. surinamensis Decne. | Pachira carolinea Dum.Cours. | Pachira grandiflora Tussac | Pachira longiflora Hook. | Pachira longifolia Hook. | Pachira macrocarpa (Cham. & Schltdl.) Walp. | Pachira pustulifera Pittier | Pachira villosula Pittier | Pachira villulosa Pittier,11,Guiana-Chestnut,"Guiana-Chestnut | Hazo be | Malabar chestnut, French peanut, Guiana chestnut, Provision tree, Saba nut | Malabar-chestnut",4
Palisota schweinfurthii C.B.Clarke,EXACT,100,Palisota schweinfurthii,Palisota schweinfurthii,Palisota schweinfurthii C.B.Clarke,2763810,,0,,,0
Passiflora citrina J.M.Macdougal,EXACT,88,Passiflora citrina,Passiflora citrina,Passiflora citrina J.M.Mac Dougal,3587717,,0,,,0
Passiflora coriacea Juss.,EXACT,100,Passiflora coriacea,Passiflora coriacea,Passiflora coriacea Juss.,7565198,Passiflora biformis Mast. | Passiflora cheiroptera Cortés | Passiflora clypeata Sm. | Passiflora coriacea var. marmorata Regel | Passiflora difformis Kunth | Passiflora obtusifolia Sessé & Moc.,6,bat-leaf passionflower,bat-leaf passionflower,1
Passiflora edulis Sims.,EXACT,100,Passiflora edulis,Passiflora edulis,Passiflora edulis Sims,2874190,Passiflora cuneifolia Cav. | Passiflora diaden Vell. | Passiflora edulis f. edulis | Passiflora edulis var. edulis | Passiflora edulis var. pomifera (M.Roem.) Mast. | Passiflora edulis var. rubricaulis (J.Jacq.) Mast. | Passiflora fragrans Regel ex Mast. | Passiflora gratissima A.St-Hil. | Passiflora incarnata Ker Gawl. | Passiflora iodocarpa Barb.Rodr. | Passiflora middletoniana Paxton | Passiflora pallidiflora Bertol. | Passiflora perfecta J.R.Duncan & V.C.Davies | Passiflora picroderma Barb.Rodr. | Passiflora pomifera M.Roem. | Passiflora rubricaulis J.Jacq. | Passiflora vernicosa Barb.Rodr.,17,Passion Fruit,"Grinadel | Passion Fruit | Passionfruit, Purple granadilla, Purple passionfruit, Black passion fruit | Purple granadilla | common passionfruit | couzou | fruit de la passion",7
Passiflora foetida L.,EXACT,100,Passiflora foetida,Passiflora foetida,Passiflora foetida L.,2874211,Passiflora balansae Chodat | Passiflora ciliata var. polyadena Griseb. | Passiflora foetida Vell. | Passiflora foetida f. glabra A.Fern. & R.Fern. | Passiflora foetida f. latifolia Kuntze | Passiflora foetida f. suberecta Chodat & Hassl. | Passiflora foetida subsp. polyadena (Griseb.) Borhidi | Passiflora foetida var. ellisonii Vanderpl. | Passiflora foetida var. fluminensis (M.Roem.) Killip | Passiflora foetida var. gardneri Killip | Passiflora foetida var. glaziovii Killip | Passiflora foetida var. gossypiifolia Kuntze | Passiflora foetida var. longipedunculata Killip,13,Killip,Corona di La Birgen | Fetid passionflower | Killip | Korona di la Birgen | Koronashon | Maraca,6
Passiflora incarnata L.,EXACT,100,Passiflora incarnata,Passiflora incarnata,Passiflora incarnata L.,2874218,Passiflora edulis var. keri (Spreng.) Mast. | Passiflora incarnata f. alba Waterf. | Passiflora incarnata var. integriloba DC. | Passiflora incarnata var. major Sweet | Passiflora keri Spreng. | Passiflora rigidula J.Jacq.,6,maypop,Purple Passionflower | apricot-vine | maypop | maypop passionflower | passionflower,5
Passiflora quadrangularis L.,EXACT,100,Passiflora quadrangularis,Passiflora quadrangularis,Passiflora quadrangularis L.,2874183,Passiflora grandiflora Salisb. | Passiflora hexangularis Raeusch. | Passiflora hullettii Mast. | Passiflora macrocarpa Mast. | Passiflora macrocarpa W.Thomps. | Passiflora macroceps Mast. | Passiflora quadrangularis Triana & Planch. | Passiflora quadrangularis var. acubifolia Van Geert | Passiflora quadrangularis var. alata Ewbank | Passiflora quadrangularis var. decaisneana Pritz. | Passiflora quadrangularis var. sulcata (Jacq.) DC. | Passiflora quadrangularis var. variegata Veitch | Passiflora sulcata Jacq. | Passiflora tetragona M.Roem.,14,Giant Granadilla,Barbadini | Giant Granadilla,2
Passiflora x violacea 'Atropurpurea',EXACT,85,Passiflora violacea,Passiflora violacea,Passiflora × violacea Loisel.,7152266,Passiflora caerulea var. caeruleoracemosa G.Don | Passiflora caeruleo-racemosa Sabine | Passiflora hybrida Nees & Sinning | Passiflora ×hybrida F.Dietr. | Passiflora ×sanguinea Colla,5,Violet passionflower,Violet passionflower,1
Phyllanthus inflatus Hutch,EXACT,100,Phyllanthus inflatus,Phyllanthus inflatus,Phyllanthus inflatus Hutch.,5381231,,0,,,0
Phyllanthus reticulatus Poir.,EXACT,100,Phyllanthus reticulatus,Phyllanthus reticulatus,Phyllanthus reticulatus Poir.,5382478,,0,Potato bush,Potato bush | potato-bush,2
Pilea involucrata (Sims) C.H.Wright & Dewar 'Moon Walley',EXACT,96,Pilea involucrata,Pilea involucrata,Pilea involucrata (Sims) C.H.Wright & Dewar,7698424,,0,Friendship Plant,Friendship Plant,1
Pilea involucrata (Sims) C.H.Wright & Dewar 'Norfolk',EXACT,96,Pilea involucrata,Pilea involucrata,Pilea involucrata (Sims) C.H.Wright & Dewar,7698424,,0,Friendship Plant,Friendship Plant,1
Piper betle L.,EXACT,100,Piper betle,Piper betle,Piper betle L.,4187904,Piper anisodorum Blanco | Piper anisodorum Náves | Piper anisodorum Náves ex Fern.-Vill. | Piper bathicarpum C.DC. | Piper betel Blanco,5,betel,Betel Pepper | Rambo | Rambu | betel | betelvine,5
Piper kadzura (Choisy) Ohwi.,FUZZY,100,Piper kadsura,Piper kadsura,Piper kadsura (Choisy) Ohwi,4183601,Piper arboricola C.DC. | Piper futokadsura Siebold | Piper futokadsura var. macrophyllum Nakai | Piper futokadzura Siebold | Piper kadsura f. macrophyllum (Nakai) M.Mizush. | Piper kadsura var. boninense M.Mizush. | Piper rupigaudens C.DC. | Piper subglaucescens C.DC. | Piper taquetii C.DC.,9,Kadsura pepper,Kadsura pepper | f&umacr;t&omacr;-kazura | feng teng,3
Piper longum L.,EXACT,100,Piper longum,Piper longum,Piper longum L.,3086338,Piper latifolium W.Hunter | Piper roxburghii (Miq.) J.Presl | Piper sarmentosum Wall. | Piper turbinatum Noronha,4,long pepper,Indian long pepper | bi bo | jaborandi pepper | long pepper,4
Piper magnificum Trel.,EXACT,100,Piper magnificum,Piper magnificum,Piper magnificum Gentil ex Trel.,7860851,Piper bicolor Yunck. | Piper magnificum (Linden) Gentil,2,,,0
Plumeria alba L.,EXACT,100,Plumeria alba,Plumeria alba,Plumeria alba L.,3169673,Plumeria alba var. jacquiniana A.DC. | Plumeria hypoleuca var. angustifolia Gasp. | Plumeria revolutifolia Stokes,3,milktree,Franjipanyé | Nosegaytree | Pigion Wood | West Indian-jasmine | Wild Frangepane | caterpillar-tree | milktree | pagoda-tree | pigeonwood,9
Plumeria rubra L.,EXACT,100,Plumeria rubra,Plumeria rubra,Plumeria rubra L.,3169674,Plumeria acuminata W.T.Aiton | Plumeria acutifolia Poir. | Plumeria acutifolia var. gasparrinii A.DC. | Plumeria angustifolia A.DC. | Plumeria arborea Noronha | Plumeria arborescens G.Don | Plumeria aurantia Bosse | Plumeria aurantia Endl. | Plumeria aurantia Lodd. | Plumeria aurantia Lodd. ex G.Don | Plumeria aurantiaca Steud. | Plumeria bicolor Ruiz & Pav. | Plumeria blandfordiana Lodd. ex G.Don | Plumeria carinata Ruiz & Pav. | Plumeria conspicua G.Don | Plumeria gouanii D.Don | Plumeria gouanii D.Don ex G.Don | Plumeria incarnata Mill. | Plumeria incarnata var. milleri (G.Don) A.DC. | Plumeria jamesonii Hook.,20,Frangipani,Angaiabe | Frangipani,2
Polyalthia suberosa (Raxb.) Thwaites,EXACT,100,Polyalthia suberosa,Polyalthia suberosa,Polyalthia suberosa (Roxb.) Thwaites,3156325,"Polyalthia malabarica (Bedd.) I.M.Turner | Polyalthia suberosa (Roxb.) Hook.f. & Thomson, 1872 | Polyalthia suberosa var. laevis Boerl.",3,Polyalthia plant,Corky Debbar Tree | Polyalthia plant,2
Pseudorhipsalis ramulosa (Salm-Dyck) Barthlott ,EXACT,100,Pseudorhipsalis ramulosa,Pseudorhipsalis ramulosa,Pseudorhipsalis ramulosa (Salm-Dyck) Barthlott,7283547,Pseudorhipsalis ramulosa f. ramulosa,1,,,0
Pseudospondias microcarpa Engl.,EXACT,100,Pseudospondias microcarpa,Pseudospondias microcarpa,Pseudospondias microcarpa (A.Rich.) Engl.,3660956,Pseudospondias microcarpa var. hirsuta Brenan | Pseudospondias microcarpa var. microcarpa,2,bume,"Hazo mafo, Hazo mafo malandi | agopia | angombe | bambiso | bololo | boolo | bosasange | bubilu | bume | butolo | esasanga | esengi | esensau | garagara | kigamo | kiumvu | kiungu",17
Psidium cattleyanum Afzel. ex Sabine 'Limon',FUZZY,92,Psidium cattleianum,Psidium cattleianum,Psidium cattleianum Afzel. ex Sabine,5420641,Psidium buxifolium Nutt. | Psidium cattleianum Afzel. | Psidium cattleianum var. cattleianum | Psidium cattleianum var. littorale (Raddi) Fosberg | Psidium cattleianum var. littorale (Raddi) Mattos | Psidium cattleianum var. purpureum Mattos | Psidium cattleianum var. pyriformis Mattos | Psidium cattleyanum f. lucidum O.Deg. | Psidium cattleyanum var. coriaceum Kiaersk. | Psidium cattleyanum var. coriaceum O.Berg,10,Cattley guava,"Cattley guava | Cattley guava, Cherry guava, Strawberry guava | Chinese guava | Erdbeer-Guave | M'pouera m'tsongoma, Mtsongoma mpwera | Mapouera keli | Strawberry guava",7
Psidium cattleyanum Afzel. ex Sabine 'Red-Macrocarpa',FUZZY,92,Psidium cattleianum,Psidium cattleianum,Psidium cattleianum Afzel. ex Sabine,5420641,Psidium buxifolium Nutt. | Psidium cattleianum Afzel. | Psidium cattleianum var. cattleianum | Psidium cattleianum var. littorale (Raddi) Fosberg | Psidium cattleianum var. littorale (Raddi) Mattos | Psidium cattleianum var. purpureum Mattos | Psidium cattleianum var. pyriformis Mattos | Psidium cattleyanum f. lucidum O.Deg. | Psidium cattleyanum var. coriaceum Kiaersk. | Psidium cattleyanum var. coriaceum O.Berg,10,Cattley guava,"Cattley guava | Cattley guava, Cherry guava, Strawberry guava | Chinese guava | Erdbeer-Guave | M'pouera m'tsongoma, Mtsongoma mpwera | Mapouera keli | Strawberry guava",7
Psidium cattleyanum Afzel. ex Sabine 'Rojo',FUZZY,92,Psidium cattleianum,Psidium cattleianum,Psidium cattleianum Afzel. ex Sabine,5420641,Psidium buxifolium Nutt. | Psidium cattleianum Afzel. | Psidium cattleianum var. cattleianum | Psidium cattleianum var. littorale (Raddi) Fosberg | Psidium cattleianum var. littorale (Raddi) Mattos | Psidium cattleianum var. purpureum Mattos | Psidium cattleianum var. pyriformis Mattos | Psidium cattleyanum f. lucidum O.Deg. | Psidium cattleyanum var. coriaceum Kiaersk. | Psidium cattleyanum var. coriaceum O.Berg,10,Cattley guava,"Cattley guava | Cattley guava, Cherry guava, Strawberry guava | Chinese guava | Erdbeer-Guave | M'pouera m'tsongoma, Mtsongoma mpwera | Mapouera keli | Strawberry guava",7
Psidium friedrichstahlianum (O.Berg) Niedenzu.,FUZZY,99,Psidium friedrichsthalianum,Psidium friedrichsthalianum,Psidium friedrichsthalianum (O.Berg) Nied.,5420358,,0,wild guava,Costa Rican guava | wild guava,2
Psidium guajava L. 'Bankog's Gigant',HIGHERRANK,100,Psidium guajava,Psidium guajava,Psidium guajava L.,5420380,Psidium angustifolium Lam. | Psidium aromaticum Blanco | Psidium chodatianum Barb.Rodr. | Psidium crispum Barb.Rodr. | Psidium cujavillus Burm.fil. | Psidium cujavus L. | Psidium ellipticum Barb.Rodr. | Psidium fragrans Macfad. | Psidium globosum Larrañaga | Psidium guajava f. cujavillus (Burm.f.) O.Deg. & I.Deg. | Psidium guajava subsp. cujavillum | Psidium guajava subsp. minor | Psidium guajava var. cujavillum (Burm.fil.) Krug & Urb. | Psidium guajava var. guajava,14,Guava,"Guava | Guava Tree | Guava, Common guava, Yellow guava, Lemon guava | Guave Tree",4
Psidium guajava L. 'Guajho Blanco',EXACT,96,Psidium guajava,Psidium guajava,Psidium guajava L.,5420380,Psidium angustifolium Lam. | Psidium aromaticum Blanco | Psidium chodatianum Barb.Rodr. | Psidium crispum Barb.Rodr. | Psidium cujavillus Burm.fil. | Psidium cujavus L. | Psidium ellipticum Barb.Rodr. | Psidium fragrans Macfad. | Psidium globosum Larrañaga | Psidium guajava f. cujavillus (Burm.f.) O.Deg. & I.Deg. | Psidium guajava subsp. cujavillum | Psidium guajava subsp. minor | Psidium guajava var. cujavillum (Burm.fil.) Krug & Urb. | Psidium guajava var. guajava,14,Guava,"Guava | Guava Tree | Guava, Common guava, Yellow guava, Lemon guava | Guave Tree",4
Psidium guajava L. 'Orange Pulp',EXACT,96,Psidium guajava,Psidium guajava,Psidium guajava L.,5420380,Psidium angustifolium Lam. | Psidium aromaticum Blanco | Psidium chodatianum Barb.Rodr. | Psidium crispum Barb.Rodr. | Psidium cujavillus Burm.fil. | Psidium cujavus L. | Psidium ellipticum Barb.Rodr. | Psidium fragrans Macfad. | Psidium globosum Larrañaga | Psidium guajava f. cujavillus (Burm.f.) O.Deg. & I.Deg. | Psidium guajava subsp. cujavillum | Psidium guajava subsp. minor | Psidium guajava var. cujavillum (Burm.fil.) Krug & Urb. | Psidium guajava var. guajava,14,Guava,"Guava | Guava Tree | Guava, Common guava, Yellow guava, Lemon guava | Guave Tree",4
Psidium guajava L. 'Rosa Cubana',EXACT,96,Psidium guajava,Psidium guajava,Psidium guajava L.,5420380,Psidium angustifolium Lam. | Psidium aromaticum Blanco | Psidium chodatianum Barb.Rodr. | Psidium crispum Barb.Rodr. | Psidium cujavillus Burm.fil. | Psidium cujavus L. | Psidium ellipticum Barb.Rodr. | Psidium fragrans Macfad. | Psidium globosum Larrañaga | Psidium guajava f. cujavillus (Burm.f.) O.Deg. & I.Deg. | Psidium guajava subsp. cujavillum | Psidium guajava subsp. minor | Psidium guajava var. cujavillum (Burm.fil.) Krug & Urb. | Psidium guajava var. guajava,14,Guava,"Guava | Guava Tree | Guava, Common guava, Yellow guava, Lemon guava | Guave Tree",4
Psidium guineense Sw.,EXACT,100,Psidium guineense,Psidium guineense,Psidium guineense Sw.,5420509,Psidium albidum Cambess. | Psidium araca Raddi,2,Guinea Guava,Brazilian guava | Guayaba rumina | Guinea Guava,3
Rauvolfia tetraphylla,EXACT,100,Rauvolfia tetraphylla,Rauvolfia tetraphylla,Rauvolfia tetraphylla L.,3169782,Rauvolfia canescens L. | Rauvolfia canescens var. glabra Müll.Arg. | Rauvolfia canescens var. intermedia Markgr. | Rauvolfia canescens var. tomentosa Müll.Arg. | Rauvolfia canescens var. typica Markgr. | Rauvolfia heterophylla Willd. | Rauvolfia heterophylla Willd. ex Roem. & Schult. | Rauvolfia heterophylla var. puberula A.Gray | Rauvolfia hirsuta Jacq. | Rauvolfia hirsuta var. glabra (Müll.Arg.) Woodson | Rauvolfia latifolia var. minor Müll.Arg. | Rauvolfia nitida Sessé & Moc. | Rauvolfia odontophora Van Heurck & Müll.Arg. | Rauvolfia subpubescens L. | Rauvolfia tomentosa Jacq.,15,milkbush,Be Still Tree | devil's-pepper | devil-pepper | four-leaf devil's-pepper | four-leaf devil-pepper | milkbush,6
Ravenala madagascariensis Sonn.,EXACT,100,Ravenala madagascariensis,Ravenala madagascariensis,Ravenala madagascariensis Sonn.,2763095,"Ravenala madagascariensis J.F.Gmel., 1791",1,"Traveller's tree, Traveller's palm","Falafa, Ravinala | Traveller's tree, Traveller's palm",2
Rhipsalis baccifera (J.S.Muell.) Stearn,EXACT,100,Rhipsalis baccifera,Rhipsalis baccifera,Rhipsalis baccifera (J.S.Muell.) Stearn,3084036,Rhipsalis bermejensis F.Ritter | Rhipsalis cassutha Gaertn. | Rhipsalis corallioides Rauh | Rhipsalis delphinensis Barthlott | Rhipsalis pendula Pfeiff. | Rhipsalis pilosa F.A.C.Weber ex K.Schum.,6,Mistletoe Cactus,Duhudumna rubban | Mistletoe Cactus | Tjimoe | Touifafa keli | Tyimu | botowatowa | etschwela lo boliki,7
Rhipsalis cereuscula Haw.,EXACT,100,Rhipsalis cereuscula,Rhipsalis cereuscula,Rhipsalis cereuscula Haw.,7659514,Rhipsalis brachiata Hook. | Rhipsalis cereuscula var. rubrodisca (Loefgr.) Castell. | Rhipsalis cribrata N.E.Br. | Rhipsalis penduliflora N.E.Br. | Rhipsalis saglionis (Lem.) Otto | Rhipsalis saglionis (Lem.) Otto ex Walp. | Rhipsalis saglionis var. rubrodisca Loefgr. | Rhipsalis simmleri Beauverd,8,Rice Cactus,Rice Cactus,1
Rhipsalis pilocarpa Loefgr.,EXACT,100,Rhipsalis pilocarpa,Rhipsalis pilocarpa,Rhipsalis pilocarpa Loefgr.,7280718,Rhipsalis pilocarpa f. minima Süpplie,1,,,0
Rosenbergiodendron formosum (Jacq.) Fagerl.,EXACT,100,Rosenbergiodendron formosum,Rosenbergiodendron formosum,Rosenbergiodendron formosum (Jacq.) Fagerl.,2904221,,0,,,0
Sacharum officinarum L.,FUZZY,96,Saccharum officinarum,Saccharum officinarum,Saccharum officinarum L.,2703912,Saccharum atrorubens Cuzent & Pancher | Saccharum atrorubens Cuzent & Pancher ex Drake | Saccharum bataviense André | Saccharum fragile Cuzent & Pancher | Saccharum fragile Cuzent & Pancher ex Drake | Saccharum glabrum Cuzent & Pancher ex Drake | Saccharum hybridum R.M.Grey | Saccharum infirmum Steud. | Saccharum infirmum Steud. ex Lechler | Saccharum luzonicum Cuzent & Pancher | Saccharum luzonicum Cuzent & Pancher ex Drake | Saccharum maddenii André | Saccharum monandrum Rottb. | Saccharum obscurum Cuzent & Pancher | Saccharum obscurum Cuzent & Pancher ex Drake | Saccharum occidentale Sw. | Saccharum officinale Salisb. | Saccharum officinarum subsp. atrorubens Cuzent & Pancher,18,Sugarcane,Cavameneñu | Sugarcane | cana,3
Salacca zalacca (Gaertn.) Voss.,EXACT,100,Salacca zalacca,Salacca zalacca,Salacca zalacca (Gaertn.) Voss,2731764,Salacca blumeana Mart. | Salacca edulis Reinw. | Salacca edulis Wall. | Salacca edulis var. amboinensis Becc. | Salacca rumphii Wall. | Salacca zalacca var. amboinensis (Becc.) Mogea,6,salak,salak | salak palm | snakefruit,3
Sauropus androgynus (L.) Merr.,EXACT,100,Sauropus androgynus,Sauropus androgynus,Sauropus androgynus (L.) Merr.,6109767,,0,sweet leaf,chekkurmanis | katuk | star-gooseberry | sweet leaf,4
Selenicereus chrysocardium (Alexander) Kimnach,FUZZY,100,Selenicereus chrysocardius,Selenicereus chrysocardius,Selenicereus chrysocardius (Alexander) Kimnach,3942456,,0,,,0
Setaria palmifolia (Koenig) Stapf,EXACT,100,Setaria palmifolia,Setaria palmifolia,Setaria palmifolia (J.Koenig) Stapf,2702958,,0,Palmgrass,Broadleaved bristlegrass | Palmgrass | hailans pitpit | highland pitpit | palm grass | short pitpit,6
Solandra maxima (Sessé et Moc.) P.Green.,EXACT,100,Solandra maxima,Solandra maxima,Solandra maxima (Moc. & Sessé) P.S.Green,5581538,Solandra hartwegii N.E.Br. | Solandra hartwegii N.E.Br. ex C.F.Ball | Solandra selerae Dammer ex Loes.,3,chalice cup vine,chalice cup vine,1
Spathiphyllum cochlearispatum (Liebm.) Engl.,FUZZY,100,Spathiphyllum cochlearispathum,Spathiphyllum cochlearispathum,Spathiphyllum cochlearispathum (Liebm.) Engl.,2869661,Spathiphyllum cochlearispathum var. longirostre (Liebm.) Engl. | Spathiphyllum heliconiifolium Schott | Spathiphyllum lacustre Lundell | Spathiphyllum lanceolatum (K.Koch) K.Koch | Spathiphyllum liebmannii Schott | Spathiphyllum longirostre (Liebm.) Schott,6,,,0
Spathodea campanulata Beauv.,EXACT,100,Spathodea campanulata,Spathodea campanulata,Spathodea campanulata Beauverd,3172574,Spathodea campanulata subsp. congolana Bidgood | Spathodea campanulata subsp. nilotica (Seem.) Bidgood | Spathodea danckelmaniana Büttner | Spathodea nilotica Seem. | Spathodea nilotica f. bryanii O.Deg. & I.Deg. | Spathodea tulipifera (Schum.) G.Don,6,Nandi Flame,"African Tulip Tree | African tulip tree, Fireball, Flame of the forest, Fountain tree | African tuliptree | African-tuliptree | Afrikanischer Tulpenbaum | Amani mtsiritsiri, Angaia ngogoma | Fountain Tree | Indian Cedar | Mpapakojo, Mbe ramu | Nandi Flame | Santo Domingo Mahogany",11
Spondias dulcis,EXACT,99,Spondias dulcis,Spondias dulcis,Spondias dulcis Parkinson,3190595,"Spondias acida Blume | Spondias cythera Sonn. | Spondias cytherea Sonn. | Spondias dulcis Sol. | Spondias dulcis Sol. ex G.Forst. | Spondias dulcis var. acida (Blume) Engl. | Spondias dulcis var. commersonii Engl. | Spondias dulcis var. dulcis | Spondias dulcis var. integra Engl. | Spondias dulcis var. mucroniserrata Engl. | Spondias dulcis var. mucroserrata Engl., 1883",11,Jew-plum,Ambarella | Golden Apple / Amra | Jew-plum | Jewish plum | Otaheite-apple | Polynesian plum | Polynesian-plum | Sakonga | Sakwa,9
Spondias mombin L.,EXACT,100,Spondias mombin,Spondias mombin,Spondias mombin L.,3190593,Spondias mambin L.,1,Hogplum,Hogplum | Jamaica-plum,2
Strelitzia alba (L.) Skeels.,EXACT,100,Strelitzia alba,Strelitzia alba,Strelitzia alba (L.f.) Skeels,2763106,Strelitzia alba subsp. augusta (Thunb.) Maire & Weiller | Strelitzia angusta D.Dietr. | Strelitzia augusta Thunb.,3,,,0
Strelitzia nicolai Reg. et Körn.,EXACT,100,Strelitzia nicolai,Strelitzia nicolai,Strelitzia nicolai Regel & Körn.,2763112,Strelitzia alba subsp. nicolai (Regel & Körn.) Maire & Weiller | Strelitzia quensonii Lem.,2,Bird-Of-Paradise Tree,Bird-Of-Paradise Tree | bird-of-paradise-tree | white bird-of-paradise | white bird-of-paradise tree,4
Strophanthus gratus (Wall. et Hook.) Baill.,EXACT,100,Strophanthus gratus,Strophanthus gratus,Strophanthus gratus (Wall. & Hook.) Baill.,8685745,Strophanthus choprae M.R.Almeida | Strophanthus chopraie M.R.Almeida | Strophanthus glaber Cornu | Strophanthus glaber Cornu ex Holmes | Strophanthus gratus Franch. | Strophanthus ouaboio Holmes | Strophanthus perrotii A.Chev. | Strophanthus stanleyanus Hook.,8,Ouabain,Ouabain | climbing-oleander | poison arrowvine | spider-tresses,4
Strophanthus petersianus Klotzsch.,EXACT,100,Strophanthus petersianus,Strophanthus petersianus,Strophanthus petersianus Klotzsch,3619876,Strophanthus grandiflorus (N.E.Br.) Gilg | Strophanthus petersianus var. grandiflorus N.E.Br. | Strophanthus sarmentosus var. verrucosus Pax | Strophanthus verrucosus (Pax) Stapf,4,,,0
Syagrus romanzoffianum (Cham.) Glassm,FUZZY,100,Syagrus romanzoffiana,Syagrus romanzoffiana,Syagrus romanzoffiana (Cham.) Glassman,5293897,,0,Queen Palm,Queen Palm | giriba palm,2
Tamarindus indica L.,EXACT,100,Tamarindus indica,Tamarindus indica,Tamarindus indica L.,2975768,"Tamarindus erythraeus Mattei | Tamarindus indica var. emarginata Chiov. | Tamarindus indica var. occidentalis (Gaertn.) Taub., 1894 | Tamarindus occidentalis Gaertn. | Tamarindus officinalis Hook. | Tamarindus somalensis Mattei | Tamarindus umbrosa Salisb.",7,Tormon,Indian tamarind | Madiro kakazo | Tamarein | Tamaren | Tamarijn | Tamarind | Tamarind Tree | Tormon | Vaioata,9
Terminalia catappa L.,EXACT,100,Terminalia catappa,Terminalia catappa,Terminalia catappa L.,3189394,Terminalia badamia DC. | Terminalia badamia Tul. | Terminalia burmanica King | Terminalia burmanica King ex Prain | Terminalia catappa var. chlorocarpa Hassk. | Terminalia catappa var. macrocarpa Hassk. | Terminalia catappa var. pubescens Kurz | Terminalia catappa var. rhodocarpa Hassk. | Terminalia catappa var. subcordata (Humb. & Bonpl. ex Willd.) DC. | Terminalia intermedia Bertero,10,Almond,Alman Tree | Almendron | Almond | Almond Tree | Antafa | Beach Almond | India Almond | Indian almond | Indian-almond | Indischer Mandelbaum | Katappenbaum,11
Theobroma cacao L,EXACT,100,Theobroma cacao,Theobroma cacao,Theobroma cacao L.,3152205,Theobroma cocao L. | Theobroma kalagua De Wild. | Theobroma kalagua DeWild. | Theobroma pentogona Bernoulli | Theobroma saltzmanniana Bernoulli | Theobroma sativa var. leucosperma A.Chev. | Theobroma sativa var. melanosperma A.Chev.,7,Cacao,Cacao,1
Thunbergia mysorensis (Wight) T.Anderson ,EXACT,100,Thunbergia mysorensis,Thunbergia mysorensis,Thunbergia mysorensis (Wight) T.Anderson,5573843,,0,Mysore trumpetvine,"Mysore trumpetvine | Mysore trumpetvine, Indian clock vine",2
Vanilla planifolia Andrews,EXACT,100,Vanilla planifolia,Vanilla planifolia,Vanilla planifolia Andrews,2803398,"Vanilla aromatica Willd. | Vanilla aromatica var. bicolor F.Buyss. | Vanilla aromatica var. claviculata F.Buyss. | Vanilla aromatica var. discolor F.Buyss. | Vanilla aromatica var. lutescens F.Buyss. | Vanilla aromatica var. planifolia (Andrews) F.Buyss. | Vanilla bampsiana Geerinck | Vanilla duckei Huber | Vanilla fragrans Ames | Vanilla planifolia Jacks., 1808 | Vanilla planifolia var. angusta Costantin & Poiss. ex C.Henry | Vanilla planifolia var. planifolia | Vanilla planifolia var. sylvestris (Schiede) Costantin & Bois, 1916 | Vanilla rubra (Lam.) Urb. | Vanilla sativa Schiede",15,Vanilla,Bourbon vanilla | Lavani | Vanilla | banira,4
Vanilla pompona Schiede,EXACT,100,Vanilla pompona,Vanilla pompona,Vanilla pompona Schiede,2803463,"Vanilla cochlearilabia Archila, Chiron & Menchaca | Vanilla grandiflora Lindl. | Vanilla hamata Klotzsch | Vanilla lutescens Moq. | Vanilla lutescens Moq. ex Dupuis | Vanilla pittieri Schltr. | Vanilla planifolia var. gigantea Hoehne | Vanilla pleei Portères | Vanilla pompona subsp. grandiflora (Lindl.) Soto Arenas | Vanilla pompona subsp. pittieri (Schltr.) Dressler | Vanilla pompona subsp. pittieri (Schltr.) Soto Arenas | Vanilla pompona subsp. pompona",12,pompona vanilla,Guadeloupe vanilla | West Indian Vanilla | pompona vanilla,3
Zingiber officinale Roscoe,EXACT,100,Zingiber officinale,Zingiber officinale,Zingiber officinale Roscoe,2757280,"Zingiber aromaticum Noronha | Zingiber cholmondeleyi (F.M.Bailey) K.Schum. | Zingiber majus Rumph. | Zingiber missionis Wall. | Zingiber missionis Wall. ex Baker | Zingiber officinale f. macrorhizonum (Makino) M.Hiroe | Zingiber officinale f. rubens (Makino) M.Hiroe | Zingiber officinale subsp. cholmondeleyi F.M.Bailey | Zingiber officinale subsp. macrorhizonum (Makino) M.Hiroe | Zingiber officinale subsp. rubens (Makino) M.Hiroe | Zingiber officinale subsp. rubrum Theilade | Zingiber officinale subsp. sichuanense (Z.Y.Zhu, S.L.Zhang & S.X.Chen) Z.Y.Zhu & S.L.Zhang | Zingiber officinale var. cholmondeleyi F.M.Bailey | Zingiber officinale var. macrorhizonum Makino | Zingiber officinale var. rubens Makino | Zingiber officinale var. rubrum Theilade",16,Garden Ginger,Garden Ginger | Tsingizo | ginger,3
